cardholder_id,credit_limit,avg_repayment_days,transaction_success_rate,response_time_sec,discount_hit_rate,commission_acceptance,user_rating,default_count,last_active,card_type,usage_frequency_last_30_days,account_tenure_months,cashback_earning_potential,geographic_location,created_at,is_active,health_score,rank
IND10449,168745,12.49,0.9406,84.39,0.4739,0.9669,2,0,2024-07-30 22:56:00,Standard_Card,10,12,0,Unknown,2023-07-31 22:56:00,True,0.99420387,1
IND10435,38946,29.05,0.9656,266.72,0.7525,0.8729,2,0,2024-07-15 18:24:00,Standard_Card,10,12,0,Unknown,2023-07-16 18:24:00,True,0.99420387,2
IND10080,119258,34.99,0.9959,92.89,0.2533,0.8037,5,0,2024-07-30 22:55:00,Standard_Card,10,12,0,Unknown,2023-07-31 22:55:00,True,0.99420387,3
IND10310,129636,22.4,0.9446,211.81,0.4935,0.8111,5,0,2024-07-30 22:54:00,Standard_Card,10,12,0,Unknown,2023-07-31 22:54:00,True,0.99420387,4
IND10175,176517,17.16,0.9503,122.61,0.3913,0.8197,3,0,2024-07-19 11:10:00,Standard_Card,10,12,0,Unknown,2023-07-20 11:10:00,True,0.99420387,5
IND10412,133287,40.57,0.9509,239.64,0.5508,0.9556,5,1,2024-07-19 13:54:00,Standard_Card,10,12,0,Unknown,2023-07-20 13:54:00,True,0.99420387,6
IND10303,102589,8.55,0.948,25.32,0.2157,0.7354,2,2,2024-07-20 08:48:00,Standard_Card,10,12,0,Unknown,2023-07-21 08:48:00,True,0.99420387,7
IND10052,84318,3.64,0.943,212.48,0.3612,0.7126,3,0,2024-07-20 14:17:00,Standard_Card,10,12,0,Unknown,2023-07-21 14:17:00,True,0.99420387,8
IND10407,175887,40.77,0.9764,58.6,0.4746,0.7932,5,0,2024-07-30 22:42:00,Standard_Card,10,12,0,Unknown,2023-07-31 22:42:00,True,0.99420387,9
IND10323,148171,38.29,0.9333,144.16,0.5964,0.7961,4,0,2024-07-22 16:28:00,Standard_Card,10,12,0,Unknown,2023-07-23 16:28:00,True,0.99420387,10
IND10295,136924,4.14,0.9755,28.65,0.8655,0.7376,4,0,2024-07-22 17:12:00,Standard_Card,10,12,0,Unknown,2023-07-23 17:12:00,True,0.99420387,11
IND10286,146117,20.59,0.9498,164.08,0.241,0.9858,3,0,2024-07-30 22:41:00,Standard_Card,10,12,0,Unknown,2023-07-31 22:41:00,True,0.99420387,12
IND10056,51050,20.41,0.9448,220.57,0.4752,0.7442,2,0,2024-07-22 17:46:00,Standard_Card,10,12,0,Unknown,2023-07-23 17:46:00,True,0.99420387,13
IND10290,157037,44.42,0.9952,130.3,0.7139,0.7803,1,0,2024-07-22 19:20:00,Standard_Card,10,12,0,Unknown,2023-07-23 19:20:00,True,0.99420387,14
IND10242,37242,32.13,0.9391,276.87,0.671,0.9636,2,0,2024-07-23 08:36:00,Standard_Card,10,12,0,Unknown,2023-07-24 08:36:00,True,0.99420387,15
IND10266,34084,2.4,0.9964,191.07,0.3139,0.714,2,0,2024-07-30 19:38:00,Standard_Card,10,12,0,Unknown,2023-07-31 19:38:00,True,0.99420387,16
IND10284,126192,41.09,0.9835,144.94,0.3009,0.704,1,0,2024-07-30 19:40:00,Standard_Card,10,12,0,Unknown,2023-07-31 19:40:00,True,0.99420387,17
IND10106,142796,33.5,0.99,200.59,0.5293,0.7135,3,1,2024-07-30 19:58:00,Standard_Card,10,12,0,Unknown,2023-07-31 19:58:00,True,0.99420387,18
IND10063,131384,29.04,0.9461,256.65,0.7557,0.8628,1,0,2024-07-30 20:05:00,Standard_Card,10,12,0,Unknown,2023-07-31 20:05:00,True,0.99420387,19
IND10465,23163,23.31,0.9917,16.73,0.7957,0.7755,2,0,2024-07-30 18:31:00,Standard_Card,10,12,0,Unknown,2023-07-31 18:31:00,True,0.99420387,20
IND10232,33820,23.66,0.947,122.29,0.3414,0.7668,5,0,2024-07-30 18:57:00,Standard_Card,10,12,0,Unknown,2023-07-31 18:57:00,True,0.99420387,21
IND10172,90572,9.36,0.9791,164.28,0.5082,0.8806,4,0,2024-07-30 19:03:00,Standard_Card,10,12,0,Unknown,2023-07-31 19:03:00,True,0.99420387,22
IND10213,97693,32.8,0.9823,35.57,0.4526,0.8193,1,2,2024-07-30 19:04:00,Standard_Card,10,12,0,Unknown,2023-07-31 19:04:00,True,0.99420387,23
IND10406,114453,4.66,0.9426,38.14,0.3041,0.7574,1,0,2024-07-30 19:05:00,Standard_Card,10,12,0,Unknown,2023-07-31 19:05:00,True,0.99420387,24
IND10055,64455,29.92,0.9503,241.61,0.8996,0.706,3,0,2024-07-30 19:14:00,Standard_Card,10,12,0,Unknown,2023-07-31 19:14:00,True,0.99420387,25
IND10233,150086,13.58,0.9999,181.03,0.7109,0.9047,3,1,2024-07-30 17:54:00,Standard_Card,10,12,0,Unknown,2023-07-31 17:54:00,True,0.99420387,26
IND10003,106732,8.95,0.9848,185.86,0.2069,0.7304,2,0,2024-07-30 17:56:00,Standard_Card,10,12,0,Unknown,2023-07-31 17:56:00,True,0.99420387,27
IND10123,119266,22.81,0.9967,263.49,0.4693,0.7136,3,1,2024-07-30 18:08:00,Standard_Card,10,12,0,Unknown,2023-07-31 18:08:00,True,0.99420387,28
IND10261,190247,9.36,0.987,207.67,0.7244,0.9956,4,0,2024-07-30 18:11:00,Standard_Card,10,12,0,Unknown,2023-07-31 18:11:00,True,0.99420387,29
IND10197,35722,2.75,0.9961,146.94,0.4952,0.8185,5,0,2024-07-30 18:23:00,Standard_Card,10,12,0,Unknown,2023-07-31 18:23:00,True,0.99420387,30
IND10083,134437,34.8,0.9648,113.32,0.4056,0.9403,3,0,2024-07-30 17:37:00,Standard_Card,10,12,0,Unknown,2023-07-31 17:37:00,True,0.99420387,31
IND10073,106635,13.56,0.9997,258.86,0.506,0.9941,5,0,2024-07-30 17:37:00,Standard_Card,10,12,0,Unknown,2023-07-31 17:37:00,True,0.99420387,32
IND10420,41767,33.21,0.9345,82.43,0.691,0.7406,4,0,2024-07-30 17:41:00,Standard_Card,10,12,0,Unknown,2023-07-31 17:41:00,True,0.99420387,33
IND10215,169019,3.36,0.9778,49.89,0.8671,0.9741,4,0,2024-07-30 17:46:00,Standard_Card,10,12,0,Unknown,2023-07-31 17:46:00,True,0.99420387,34
IND10361,64260,32.11,0.9454,43.98,0.667,0.8652,2,1,2024-07-26 16:37:00,Standard_Card,10,12,0,Unknown,2023-07-27 16:37:00,True,0.99420387,35
IND10227,106321,29.09,0.9466,91.53,0.9392,0.7192,1,0,2024-07-26 18:18:00,Standard_Card,10,12,0,Unknown,2023-07-27 18:18:00,True,0.99420387,36
IND10139,80224,40.47,0.9573,195.47,0.6978,0.8243,4,0,2024-07-26 13:51:00,Standard_Card,10,12,0,Unknown,2023-07-27 13:51:00,True,0.99420387,37
IND10160,162807,35.56,0.9882,98.78,0.3858,0.8153,3,0,2024-07-26 14:09:00,Standard_Card,10,12,0,Unknown,2023-07-27 14:09:00,True,0.99420387,38
IND10007,100932,19.92,0.9372,276.56,0.2621,0.963,4,0,2024-07-26 14:12:00,Standard_Card,10,12,0,Unknown,2023-07-27 14:12:00,True,0.99420387,39
IND10411,61127,29.03,0.9517,189.64,0.4205,0.9511,4,0,2024-07-26 14:24:00,Standard_Card,10,12,0,Unknown,2023-07-27 14:24:00,True,0.99420387,40
IND10283,126185,20.08,0.985,33.15,0.8301,0.9486,3,0,2024-07-26 14:24:00,Standard_Card,10,12,0,Unknown,2023-07-27 14:24:00,True,0.99420387,41
IND10241,151041,40.75,0.9454,165.64,0.7619,0.7705,3,1,2024-07-26 14:30:00,Standard_Card,10,12,0,Unknown,2023-07-27 14:30:00,True,0.99420387,42
IND10331,188673,11.29,0.9715,92.03,0.2259,0.733,1,0,2024-07-26 15:39:00,Standard_Card,10,12,0,Unknown,2023-07-27 15:39:00,True,0.99420387,43
IND10050,26477,30.54,0.9948,24.62,0.8678,0.8731,3,0,2024-07-26 09:22:00,Standard_Card,10,12,0,Unknown,2023-07-27 09:22:00,True,0.99420387,44
IND10097,188663,13.28,0.9758,19.37,0.5901,0.8701,4,0,2024-07-26 10:05:00,Standard_Card,10,12,0,Unknown,2023-07-27 10:05:00,True,0.99420387,45
IND10317,133129,3.15,0.9485,32.84,0.3884,0.9166,4,0,2024-07-26 10:22:00,Standard_Card,10,12,0,Unknown,2023-07-27 10:22:00,True,0.99420387,46
IND10185,81404,22.51,0.9981,218.07,0.6931,0.8711,5,2,2024-07-26 10:57:00,Standard_Card,10,12,0,Unknown,2023-07-27 10:57:00,True,0.99420387,47
IND10415,96043,24.24,0.9739,297.73,0.685,0.8586,3,0,2024-07-25 18:44:00,Standard_Card,10,12,0,Unknown,2023-07-26 18:44:00,True,0.99420387,48
IND10326,57495,41.61,0.9329,178.2,0.4396,0.9876,5,0,2024-07-25 18:54:00,Standard_Card,10,12,0,Unknown,2023-07-26 18:54:00,True,0.99420387,49
IND10338,61978,11.65,0.9406,135.64,0.4871,0.732,1,0,2024-07-25 20:51:00,Standard_Card,10,12,0,Unknown,2023-07-26 20:51:00,True,0.99420387,50
IND10269,187575,14.01,0.9512,235.78,0.8555,0.7466,3,1,2024-07-25 22:48:00,Standard_Card,10,12,0,Unknown,2023-07-26 22:48:00,True,0.99420387,51
IND10387,53217,16.43,0.9915,243.4,0.902,0.9996,5,0,2024-07-27 10:12:00,Standard_Card,10,12,0,Unknown,2023-07-28 10:12:00,True,0.99420387,52
IND10047,145066,3.25,0.9861,55.32,0.3651,0.8555,2,0,2024-07-27 11:51:00,Standard_Card,10,12,0,Unknown,2023-07-28 11:51:00,True,0.99420387,53
IND10184,165324,34.08,0.9506,196.65,0.3828,0.7067,1,0,2024-07-27 09:00:00,Standard_Card,10,12,0,Unknown,2023-07-28 09:00:00,True,0.99420387,54
IND10400,84244,18.62,0.9877,116.73,0.8877,0.827,4,1,2024-07-27 09:07:00,Standard_Card,10,12,0,Unknown,2023-07-28 09:07:00,True,0.99420387,55
IND10491,43734,7.53,0.9961,16.99,0.2887,0.7934,2,0,2024-07-27 10:02:00,Standard_Card,10,12,0,Unknown,2023-07-28 10:02:00,True,0.99420387,56
IND10476,194299,42.03,0.9716,52.57,0.7607,0.9444,5,1,2024-07-26 20:49:00,Standard_Card,10,12,0,Unknown,2023-07-27 20:49:00,True,0.99420387,57
IND10297,83244,41.65,0.9599,154.08,0.7749,0.7392,1,0,2024-07-27 08:06:00,Standard_Card,10,12,0,Unknown,2023-07-28 08:06:00,True,0.99420387,58
IND10015,169245,11.62,0.9305,181.95,0.6351,0.7274,5,1,2024-07-27 08:19:00,Standard_Card,10,12,0,Unknown,2023-07-28 08:19:00,True,0.99420387,59
IND10280,111584,4.09,0.944,280.58,0.9182,0.8791,5,0,2024-07-26 20:33:00,Standard_Card,10,12,0,Unknown,2023-07-27 20:33:00,True,0.99420387,60
IND10195,158114,23.75,0.9476,287.32,0.7736,0.8216,4,0,2024-07-26 20:44:00,Standard_Card,10,12,0,Unknown,2023-07-27 20:44:00,True,0.99420387,61
IND10488,75117,30.93,0.9563,230.64,0.8712,0.8965,2,0,2024-07-30 17:17:00,Standard_Card,10,12,0,Unknown,2023-07-31 17:17:00,True,0.99420387,62
IND10424,114530,13.01,0.9554,158.03,0.3237,0.7408,5,0,2024-07-30 17:26:00,Standard_Card,10,12,0,Unknown,2023-07-31 17:26:00,True,0.99420387,63
IND10098,90404,7.17,0.9555,197.01,0.4805,0.9853,2,0,2024-07-30 17:27:00,Standard_Card,10,12,0,Unknown,2023-07-31 17:27:00,True,0.99420387,64
IND10302,114969,9.07,0.9699,28.17,0.7606,0.8148,3,0,2024-07-30 17:32:00,Standard_Card,10,12,0,Unknown,2023-07-31 17:32:00,True,0.99420387,65
IND10099,102414,7.41,0.9384,162.29,0.3522,0.8356,3,0,2024-07-30 17:32:00,Standard_Card,10,12,0,Unknown,2023-07-31 17:32:00,True,0.99420387,66
IND10292,147952,27.67,0.9897,193.25,0.5233,0.8701,5,1,2024-07-30 16:50:00,Standard_Card,10,12,0,Unknown,2023-07-31 16:50:00,True,0.99420387,67
IND10208,66429,15.38,0.9385,106.39,0.7603,0.8849,2,1,2024-07-30 16:54:00,Standard_Card,10,12,0,Unknown,2023-07-31 16:54:00,True,0.99420387,68
IND10191,173773,29.49,0.9883,53.99,0.6252,0.9293,2,0,2024-07-30 17:02:00,Standard_Card,10,12,0,Unknown,2023-07-31 17:02:00,True,0.99420387,69
IND10032,100379,31.1,0.9743,95.44,0.2107,0.9214,4,1,2024-07-30 17:09:00,Standard_Card,10,12,0,Unknown,2023-07-31 17:09:00,True,0.99420387,70
IND10192,72596,14.45,0.9534,108.05,0.9258,0.7305,1,0,2024-07-30 16:11:00,Standard_Card,10,12,0,Unknown,2023-07-31 16:11:00,True,0.99420387,71
IND10347,125917,44.99,0.9566,206.63,0.6908,0.9086,2,0,2024-07-30 16:15:00,Standard_Card,10,12,0,Unknown,2023-07-31 16:15:00,True,0.99420387,72
IND10180,199518,37.18,0.9869,68.64,0.6072,0.8911,4,0,2024-07-30 16:36:00,Standard_Card,10,12,0,Unknown,2023-07-31 16:36:00,True,0.99420387,73
IND10234,26699,20.5,0.9551,135.04,0.4946,0.9972,1,0,2024-07-30 15:51:00,Standard_Card,10,12,0,Unknown,2023-07-31 15:51:00,True,0.99420387,74
IND10166,28055,10.65,0.9861,86.55,0.4107,0.8239,2,0,2024-07-30 15:55:00,Standard_Card,10,12,0,Unknown,2023-07-31 15:55:00,True,0.99420387,75
IND10473,177366,33.95,0.956,265.33,0.5194,0.7185,4,0,2024-07-30 15:58:00,Standard_Card,10,12,0,Unknown,2023-07-31 15:58:00,True,0.99420387,76
IND10425,137350,9.0,0.9438,73.45,0.5175,0.8864,3,1,2024-07-30 15:37:00,Standard_Card,10,12,0,Unknown,2023-07-31 15:37:00,True,0.99420387,77
IND10392,187051,30.08,0.9674,104.4,0.3084,0.777,5,0,2024-07-30 15:39:00,Standard_Card,10,12,0,Unknown,2023-07-31 15:39:00,True,0.99420387,78
IND10186,138160,23.55,0.9546,31.12,0.904,0.8376,1,1,2024-07-30 15:45:00,Standard_Card,10,12,0,Unknown,2023-07-31 15:45:00,True,0.99420387,79
IND10200,127791,7.23,0.966,29.65,0.8809,0.7845,4,1,2024-07-30 15:49:00,Standard_Card,10,12,0,Unknown,2023-07-31 15:49:00,True,0.99420387,80
IND10089,78854,38.22,0.9641,58.78,0.8252,0.7585,2,1,2024-07-30 14:39:00,Standard_Card,10,12,0,Unknown,2023-07-31 14:39:00,True,0.99420387,81
IND10348,90568,3.06,0.9689,10.6,0.4579,0.8484,5,0,2024-07-30 14:57:00,Standard_Card,10,12,0,Unknown,2023-07-31 14:57:00,True,0.99420387,82
IND10354,41163,4.61,0.9726,22.48,0.303,0.7825,3,0,2024-07-30 13:49:00,Standard_Card,10,12,0,Unknown,2023-07-31 13:49:00,True,0.99420387,83
IND10360,69652,12.71,0.9629,19.86,0.7463,0.9471,2,0,2024-07-30 13:59:00,Standard_Card,10,12,0,Unknown,2023-07-31 13:59:00,True,0.99420387,84
IND10218,114135,23.94,0.9856,33.73,0.7015,0.7042,2,0,2024-07-30 14:13:00,Standard_Card,10,12,0,Unknown,2023-07-31 14:13:00,True,0.99420387,85
IND10225,33486,31.12,0.9427,214.61,0.8216,0.9633,3,0,2024-07-30 14:18:00,Standard_Card,10,12,0,Unknown,2023-07-31 14:18:00,True,0.99420387,86
IND10363,158828,11.66,0.9397,101.15,0.9419,0.7585,3,0,2024-07-30 12:32:00,Standard_Card,10,12,0,Unknown,2023-07-31 12:32:00,True,0.99420387,87
IND10108,161512,27.45,0.9604,175.69,0.2501,0.7349,4,0,2024-07-30 12:57:00,Standard_Card,10,12,0,Unknown,2023-07-31 12:57:00,True,0.99420387,88
IND10369,35030,18.76,0.9329,229.62,0.6807,0.7982,2,0,2024-07-30 13:19:00,Standard_Card,10,12,0,Unknown,2023-07-31 13:19:00,True,0.99420387,89
IND10046,55936,5.83,0.9988,166.89,0.9386,0.9817,2,0,2024-07-30 13:19:00,Standard_Card,10,12,0,Unknown,2023-07-31 13:19:00,True,0.99420387,90
IND10399,132224,32.29,0.9468,182.88,0.8043,0.8971,1,1,2024-07-27 20:15:00,Standard_Card,10,12,0,Unknown,2023-07-28 20:15:00,True,0.99420387,91
IND10312,44206,38.13,0.9969,31.46,0.3625,0.927,3,0,2024-07-27 21:33:00,Standard_Card,10,12,0,Unknown,2023-07-28 21:33:00,True,0.99420387,92
IND10205,22843,7.7,0.9793,188.06,0.466,0.7092,3,0,2024-07-27 21:43:00,Standard_Card,10,12,0,Unknown,2023-07-28 21:43:00,True,0.99420387,93
IND10116,72402,6.7,0.949,102.53,0.7754,0.7621,4,1,2024-07-27 22:06:00,Standard_Card,10,12,0,Unknown,2023-07-28 22:06:00,True,0.99420387,94
IND10109,130354,32.19,0.927,262.91,0.4167,0.7259,3,1,2024-07-27 15:32:00,Standard_Card,10,12,0,Unknown,2023-07-28 15:32:00,True,0.99420387,95
IND10062,156895,16.76,0.9778,172.17,0.5861,0.7299,2,0,2024-07-27 16:17:00,Standard_Card,10,12,0,Unknown,2023-07-28 16:17:00,True,0.99420387,96
IND10245,118649,44.38,0.9905,153.85,0.3846,0.8746,4,0,2024-07-27 17:18:00,Standard_Card,10,12,0,Unknown,2023-07-28 17:18:00,True,0.99420387,97
IND10379,185463,22.16,0.9792,73.27,0.2772,0.8853,5,0,2024-07-27 13:48:00,Standard_Card,10,12,0,Unknown,2023-07-28 13:48:00,True,0.99420387,98
IND10084,99023,30.91,0.9263,219.13,0.4645,0.7977,2,0,2024-07-27 14:35:00,Standard_Card,10,12,0,Unknown,2023-07-28 14:35:00,True,0.99420387,99
IND10151,188748,29.11,0.9603,259.3,0.9055,0.7605,3,0,2024-07-27 14:53:00,Standard_Card,10,12,0,Unknown,2023-07-28 14:53:00,True,0.99420387,100
IND10414,54499,32.9,0.937,192.16,0.2705,0.9569,2,0,2024-07-27 15:12:00,Standard_Card,10,12,0,Unknown,2023-07-28 15:12:00,True,0.99420387,101
IND10048,76025,13.43,0.9985,17.47,0.6526,0.8979,1,0,2024-07-30 11:52:00,Standard_Card,10,12,0,Unknown,2023-07-31 11:52:00,True,0.99420387,102
IND10450,152367,29.34,0.9575,117.48,0.3144,0.7419,3,0,2024-07-30 11:55:00,Standard_Card,10,12,0,Unknown,2023-07-31 11:55:00,True,0.99420387,103
IND10095,109061,5.42,0.9911,85.59,0.84,0.959,1,0,2024-07-30 11:57:00,Standard_Card,10,12,0,Unknown,2023-07-31 11:57:00,True,0.99420387,104
IND10416,39050,11.26,0.9868,87.19,0.5414,0.9802,1,0,2024-07-30 12:00:00,Standard_Card,10,12,0,Unknown,2023-07-31 12:00:00,True,0.99420387,105
IND10207,180197,8.25,0.9635,73.27,0.7985,0.757,1,0,2024-07-30 12:02:00,Standard_Card,10,12,0,Unknown,2023-07-31 12:02:00,True,0.99420387,106
IND10165,115109,15.15,0.9827,219.9,0.7023,0.9396,1,0,2024-07-30 12:26:00,Standard_Card,10,12,0,Unknown,2023-07-31 12:26:00,True,0.99420387,107
IND10026,35412,4.91,0.9562,167.63,0.2613,0.8375,5,0,2024-07-30 12:28:00,Standard_Card,10,12,0,Unknown,2023-07-31 12:28:00,True,0.99420387,108
IND10065,25379,31.23,0.9355,186.96,0.9068,0.9365,3,0,2024-07-30 11:00:00,Standard_Card,10,12,0,Unknown,2023-07-31 11:00:00,True,0.99420387,109
IND10394,186333,7.19,0.9884,250.05,0.4897,0.8045,3,0,2024-07-30 11:42:00,Standard_Card,10,12,0,Unknown,2023-07-31 11:42:00,True,0.99420387,110
IND10072,177898,39.28,0.9504,139.94,0.5659,0.7613,4,0,2024-07-30 11:44:00,Standard_Card,10,12,0,Unknown,2023-07-31 11:44:00,True,0.99420387,111
IND10433,72514,5.82,0.9461,232.47,0.4149,0.9062,5,0,2024-07-30 11:45:00,Standard_Card,10,12,0,Unknown,2023-07-31 11:45:00,True,0.99420387,112
IND10117,178453,23.15,0.9653,74.28,0.4021,0.7728,1,1,2024-07-30 09:53:00,Standard_Card,10,12,0,Unknown,2023-07-31 09:53:00,True,0.99420387,113
IND10419,58959,12.67,0.969,153.99,0.2053,0.8774,3,0,2024-07-30 10:22:00,Standard_Card,10,12,0,Unknown,2023-07-31 10:22:00,True,0.99420387,114
IND10018,67052,44.43,0.9948,11.43,0.9139,0.8917,4,1,2024-07-30 10:39:00,Standard_Card,10,12,0,Unknown,2023-07-31 10:39:00,True,0.99420387,115
IND10076,166464,18.8,0.9499,72.5,0.3658,0.9188,4,0,2024-07-30 09:19:00,Standard_Card,10,12,0,Unknown,2023-07-31 09:19:00,True,0.99420387,116
IND10173,112846,3.79,0.9582,27.97,0.5512,0.9483,2,0,2024-07-30 09:28:00,Standard_Card,10,12,0,Unknown,2023-07-31 09:28:00,True,0.99420387,117
IND10217,32467,33.08,0.9742,90.42,0.7129,0.9587,5,0,2024-07-30 09:33:00,Standard_Card,10,12,0,Unknown,2023-07-31 09:33:00,True,0.99420387,118
IND10467,26991,2.58,0.9264,147.93,0.4582,0.8734,2,0,2024-07-30 09:44:00,Standard_Card,10,12,0,Unknown,2023-07-31 09:44:00,True,0.99420387,119
IND10381,151110,10.05,0.9404,271.18,0.2354,0.8549,2,0,2024-07-28 12:48:00,Standard_Card,10,12,0,Unknown,2023-07-29 12:48:00,True,0.99420387,120
IND10094,90398,25.94,0.9782,279.58,0.3382,0.8311,4,0,2024-07-28 12:49:00,Standard_Card,10,12,0,Unknown,2023-07-29 12:49:00,True,0.99420387,121
IND10482,54764,4.26,0.9886,239.63,0.277,0.9331,1,1,2024-07-28 13:20:00,Standard_Card,10,12,0,Unknown,2023-07-29 13:20:00,True,0.99420387,122
IND10042,32918,28.82,0.9643,21.29,0.8278,0.8859,1,0,2024-07-28 13:36:00,Standard_Card,10,12,0,Unknown,2023-07-29 13:36:00,True,0.99420387,123
IND10223,115731,31.18,0.9778,165.37,0.452,0.9309,2,0,2024-07-28 13:44:00,Standard_Card,10,12,0,Unknown,2023-07-29 13:44:00,True,0.99420387,124
IND10110,125116,19.6,0.9316,167.61,0.5729,0.7404,2,0,2024-07-28 11:41:00,Standard_Card,10,12,0,Unknown,2023-07-29 11:41:00,True,0.99420387,125
IND10125,54469,22.23,0.9923,255.78,0.4498,0.82,5,0,2024-07-28 11:47:00,Standard_Card,10,12,0,Unknown,2023-07-29 11:47:00,True,0.99420387,126
IND10474,189616,31.3,0.9365,120.47,0.2178,0.9715,1,0,2024-07-28 11:59:00,Standard_Card,10,12,0,Unknown,2023-07-29 11:59:00,True,0.99420387,127
IND10469,28882,42.32,0.9485,15.76,0.4831,0.7334,5,0,2024-07-28 12:10:00,Standard_Card,10,12,0,Unknown,2023-07-29 12:10:00,True,0.99420387,128
IND10143,149206,31.66,0.9348,32.47,0.322,0.8164,5,0,2024-07-28 12:31:00,Standard_Card,10,12,0,Unknown,2023-07-29 12:31:00,True,0.99420387,129
IND10497,164308,11.49,0.9651,161.9,0.3038,0.7857,3,0,2024-07-28 12:32:00,Standard_Card,10,12,0,Unknown,2023-07-29 12:32:00,True,0.99420387,130
IND10096,92497,21.54,0.9618,71.93,0.208,0.933,3,1,2024-07-28 09:05:00,Standard_Card,10,12,0,Unknown,2023-07-29 09:05:00,True,0.99420387,131
IND10004,154700,6.18,0.9423,297.12,0.3051,0.8555,1,1,2024-07-28 09:09:00,Standard_Card,10,12,0,Unknown,2023-07-29 09:09:00,True,0.99420387,132
IND10150,175194,39.51,0.945,268.27,0.4563,0.8394,2,1,2024-07-28 09:11:00,Standard_Card,10,12,0,Unknown,2023-07-29 09:11:00,True,0.99420387,133
IND10421,41247,35.44,0.9573,166.55,0.4875,0.8223,5,0,2024-07-28 11:25:00,Standard_Card,10,12,0,Unknown,2023-07-29 11:25:00,True,0.99420387,134
IND10069,162775,13.42,0.9844,40.01,0.6924,0.9721,2,0,2024-07-27 22:46:00,Standard_Card,10,12,0,Unknown,2023-07-28 22:46:00,True,0.99420387,135
IND10330,99315,42.03,0.9292,218.78,0.8679,0.9969,3,0,2024-07-28 08:07:00,Standard_Card,10,12,0,Unknown,2023-07-29 08:07:00,True,0.99420387,136
IND10155,170318,16.55,0.9487,218.14,0.6185,0.717,2,0,2024-07-28 08:12:00,Standard_Card,10,12,0,Unknown,2023-07-29 08:12:00,True,0.99420387,137
IND10358,101027,4.39,0.9307,107.47,0.8698,0.8678,4,0,2024-07-28 08:17:00,Standard_Card,10,12,0,Unknown,2023-07-29 08:17:00,True,0.99420387,138
IND10086,112117,13.62,0.9734,160.31,0.5464,0.7943,4,0,2024-07-30 08:17:00,Standard_Card,10,12,0,Unknown,2023-07-31 08:17:00,True,0.99420387,139
IND10250,144083,18.99,0.9852,291.64,0.8822,0.8365,1,0,2024-07-30 08:24:00,Standard_Card,10,12,0,Unknown,2023-07-31 08:24:00,True,0.99420387,140
IND10334,81504,31.43,0.9746,106.45,0.3752,0.9498,4,1,2024-07-30 09:03:00,Standard_Card,10,12,0,Unknown,2023-07-31 09:03:00,True,0.99420387,141
IND10315,107439,11.58,0.9983,54.48,0.6505,0.8972,3,0,2024-07-30 09:12:00,Standard_Card,10,12,0,Unknown,2023-07-31 09:12:00,True,0.99420387,142
IND10353,136951,33.81,0.9282,40.67,0.3065,0.8071,1,0,2024-07-29 22:48:00,Standard_Card,10,12,0,Unknown,2023-07-30 22:48:00,True,0.99420387,143
IND10466,91681,38.65,0.9519,94.36,0.2127,0.9815,5,0,2024-07-29 22:52:00,Standard_Card,10,12,0,Unknown,2023-07-30 22:52:00,True,0.99420387,144
IND10340,174009,28.7,0.9423,224.24,0.7433,0.9379,3,0,2024-07-29 22:54:00,Standard_Card,10,12,0,Unknown,2023-07-30 22:54:00,True,0.99420387,145
IND10170,187878,34.78,0.9374,53.27,0.8282,0.9649,3,0,2024-07-30 08:05:00,Standard_Card,10,12,0,Unknown,2023-07-31 08:05:00,True,0.99420387,146
IND10321,151589,34.46,0.9332,282.1,0.9326,0.9986,5,0,2024-07-29 21:57:00,Standard_Card,10,12,0,Unknown,2023-07-30 21:57:00,True,0.99420387,147
IND10426,135341,8.88,0.9352,248.22,0.2291,0.8488,5,0,2024-07-29 22:01:00,Standard_Card,10,12,0,Unknown,2023-07-30 22:01:00,True,0.99420387,148
IND10212,52512,44.67,0.9784,98.27,0.4258,0.8451,4,0,2024-07-29 22:07:00,Standard_Card,10,12,0,Unknown,2023-07-30 22:07:00,True,0.99420387,149
IND10385,105083,3.23,0.9958,294.38,0.3933,0.7028,1,0,2024-07-29 22:08:00,Standard_Card,10,12,0,Unknown,2023-07-30 22:08:00,True,0.99420387,150
IND10113,83527,2.04,0.9573,59.64,0.2784,0.7713,5,0,2024-07-29 22:29:00,Standard_Card,10,12,0,Unknown,2023-07-30 22:29:00,True,0.99420387,151
IND10365,47633,25.52,0.993,266.04,0.2969,0.7124,3,0,2024-07-29 19:10:00,Standard_Card,10,12,0,Unknown,2023-07-30 19:10:00,True,0.99420387,152
IND10168,157743,10.98,0.9916,15.6,0.924,0.7448,5,1,2024-07-29 19:57:00,Standard_Card,10,12,0,Unknown,2023-07-30 19:57:00,True,0.99420387,153
IND10253,74796,7.98,0.9346,26.45,0.698,0.7722,4,0,2024-07-29 20:58:00,Standard_Card,10,12,0,Unknown,2023-07-30 20:58:00,True,0.99420387,154
IND10012,184613,14.61,0.9845,13.77,0.2641,0.7624,5,0,2024-07-29 21:26:00,Standard_Card,10,12,0,Unknown,2023-07-30 21:26:00,True,0.99420387,155
IND10483,86864,4.96,0.9545,114.96,0.2587,0.9805,2,0,2024-07-28 18:54:00,Standard_Card,10,12,0,Unknown,2023-07-29 18:54:00,True,0.99420387,156
IND10273,125283,39.91,0.9491,45.27,0.7584,0.8561,4,0,2024-07-28 19:25:00,Standard_Card,10,12,0,Unknown,2023-07-29 19:25:00,True,0.99420387,157
IND10278,176005,15.69,0.9554,224.1,0.6932,0.999,5,1,2024-07-28 20:03:00,Standard_Card,10,12,0,Unknown,2023-07-29 20:03:00,True,0.99420387,158
IND10199,175610,28.17,0.9584,118.41,0.6391,0.8507,1,0,2024-07-28 20:14:00,Standard_Card,10,12,0,Unknown,2023-07-29 20:14:00,True,0.99420387,159
IND10152,195606,27.44,0.9601,159.33,0.8105,0.9166,1,0,2024-07-28 18:13:00,Standard_Card,10,12,0,Unknown,2023-07-29 18:13:00,True,0.99420387,160
IND10020,64079,20.41,0.9576,210.81,0.9434,0.7385,3,0,2024-07-28 18:38:00,Standard_Card,10,12,0,Unknown,2023-07-29 18:38:00,True,0.99420387,161
IND10255,112459,34.04,0.9469,277.75,0.3267,0.9254,2,0,2024-07-28 16:18:00,Standard_Card,10,12,0,Unknown,2023-07-29 16:18:00,True,0.99420387,162
IND10243,183677,13.35,0.9811,43.15,0.6511,0.8204,1,0,2024-07-28 16:20:00,Standard_Card,10,12,0,Unknown,2023-07-29 16:20:00,True,0.99420387,163
IND10138,140267,32.5,0.9782,208.9,0.2134,0.7649,3,0,2024-07-28 16:27:00,Standard_Card,10,12,0,Unknown,2023-07-29 16:27:00,True,0.99420387,164
IND10027,148492,29.64,0.9541,158.67,0.429,0.7638,4,0,2024-07-28 16:52:00,Standard_Card,10,12,0,Unknown,2023-07-29 16:52:00,True,0.99420387,165
IND10308,145333,18.78,0.9737,235.98,0.6691,0.7766,4,0,2024-07-28 14:33:00,Standard_Card,10,12,0,Unknown,2023-07-29 14:33:00,True,0.99420387,166
IND10021,172230,30.79,0.9991,201.93,0.6183,0.9192,1,0,2024-07-28 14:52:00,Standard_Card,10,12,0,Unknown,2023-07-29 14:52:00,True,0.99420387,167
IND10287,129822,32.07,0.9432,15.61,0.4669,0.73,5,0,2024-07-28 15:03:00,Standard_Card,10,12,0,Unknown,2023-07-29 15:03:00,True,0.99420387,168
IND10024,126358,26.82,0.9816,135.8,0.3206,0.8674,3,0,2024-07-28 15:07:00,Standard_Card,10,12,0,Unknown,2023-07-29 15:07:00,True,0.99420387,169
IND10088,16408,3.34,0.995,162.71,0.4275,0.8088,2,0,2024-07-29 18:19:00,Standard_Card,10,12,0,Unknown,2023-07-30 18:19:00,True,0.99420387,170
IND10087,98755,20.5,0.9813,97.42,0.2709,0.9275,3,0,2024-07-29 18:48:00,Standard_Card,10,12,0,Unknown,2023-07-30 18:48:00,True,0.99420387,171
IND10410,151803,23.67,0.9857,36.73,0.5392,0.8133,3,0,2024-07-29 19:01:00,Standard_Card,10,12,0,Unknown,2023-07-30 19:01:00,True,0.99420387,172
IND10181,64145,2.75,0.9991,167.63,0.5552,0.9864,5,0,2024-07-29 17:05:00,Standard_Card,10,12,0,Unknown,2023-07-30 17:05:00,True,0.99420387,173
IND10142,64642,37.6,0.9561,149.05,0.6385,0.9966,2,0,2024-07-29 17:17:00,Standard_Card,10,12,0,Unknown,2023-07-30 17:17:00,True,0.99420387,174
IND10294,120926,24.31,0.933,106.28,0.3828,0.9446,4,0,2024-07-29 17:18:00,Standard_Card,10,12,0,Unknown,2023-07-30 17:18:00,True,0.99420387,175
IND10349,155330,44.43,0.9422,273.55,0.4694,0.9101,5,0,2024-07-29 17:20:00,Standard_Card,10,12,0,Unknown,2023-07-30 17:20:00,True,0.99420387,176
IND10370,104230,25.29,0.9489,269.13,0.5412,0.7132,3,0,2024-07-29 17:44:00,Standard_Card,10,12,0,Unknown,2023-07-30 17:44:00,True,0.99420387,177
IND10274,175696,12.94,0.9628,54.4,0.4968,0.8968,5,1,2024-07-29 17:50:00,Standard_Card,10,12,0,Unknown,2023-07-30 17:50:00,True,0.99420387,178
IND10149,195264,44.57,0.9667,95.82,0.3836,0.7653,4,0,2024-07-29 16:27:00,Standard_Card,10,12,0,Unknown,2023-07-30 16:27:00,True,0.99420387,179
IND10120,136919,30.11,0.9522,228.12,0.5777,0.9682,3,1,2024-07-29 16:35:00,Standard_Card,10,12,0,Unknown,2023-07-30 16:35:00,True,0.99420387,180
IND10499,100417,12.15,0.9868,203.55,0.4762,0.8246,1,0,2024-07-29 14:54:00,Standard_Card,10,12,0,Unknown,2023-07-30 14:54:00,True,0.99420387,181
IND10463,154835,25.31,0.9476,158.99,0.7167,0.8456,2,0,2024-07-29 15:16:00,Standard_Card,10,12,0,Unknown,2023-07-30 15:16:00,True,0.99420387,182
IND10368,110496,43.97,0.9411,52.05,0.4848,0.7028,5,0,2024-07-29 08:20:00,Standard_Card,10,12,0,Unknown,2023-07-30 08:20:00,True,0.99420387,183
IND10335,96016,41.69,0.9578,204.63,0.7427,0.7094,2,0,2024-07-29 08:23:00,Standard_Card,10,12,0,Unknown,2023-07-30 08:23:00,True,0.99420387,184
IND10324,80970,33.18,0.9374,259.64,0.6681,0.9624,1,0,2024-07-29 08:36:00,Standard_Card,10,12,0,Unknown,2023-07-30 08:36:00,True,0.99420387,185
IND10442,23990,6.23,0.9305,216.15,0.6598,0.8272,5,0,2024-07-29 08:42:00,Standard_Card,10,12,0,Unknown,2023-07-30 08:42:00,True,0.99420387,186
IND10111,50662,31.13,0.9638,75.22,0.2575,0.9432,2,1,2024-07-29 08:51:00,Standard_Card,10,12,0,Unknown,2023-07-30 08:51:00,True,0.99420387,187
IND10405,105837,8.62,0.9778,105.43,0.4752,0.8261,4,0,2024-07-28 22:16:00,Standard_Card,10,12,0,Unknown,2023-07-29 22:16:00,True,0.99420387,188
IND10260,179492,19.9,0.9522,264.05,0.2386,0.7903,3,0,2024-07-28 22:26:00,Standard_Card,10,12,0,Unknown,2023-07-29 22:26:00,True,0.99420387,189
IND10477,66205,6.94,0.9356,280.45,0.3033,0.9114,2,0,2024-07-29 08:02:00,Standard_Card,10,12,0,Unknown,2023-07-30 08:02:00,True,0.99420387,190
IND10362,80613,23.52,0.9562,231.85,0.8027,0.9505,1,1,2024-07-29 08:08:00,Standard_Card,10,12,0,Unknown,2023-07-30 08:08:00,True,0.99420387,191
IND10282,136802,12.29,0.953,259.21,0.4903,0.9627,3,0,2024-07-28 21:13:00,Standard_Card,10,12,0,Unknown,2023-07-29 21:13:00,True,0.99420387,192
IND10030,39614,38.43,0.9297,254.1,0.6352,0.8679,1,0,2024-07-28 21:28:00,Standard_Card,10,12,0,Unknown,2023-07-29 21:28:00,True,0.99420387,193
IND10154,51223,14.93,0.9485,276.47,0.5004,0.7577,3,0,2024-07-28 21:38:00,Standard_Card,10,12,0,Unknown,2023-07-29 21:38:00,True,0.99420387,194
IND10475,105997,35.12,0.9992,233.36,0.4637,0.8842,1,0,2024-07-28 22:00:00,Standard_Card,10,12,0,Unknown,2023-07-29 22:00:00,True,0.99420387,195
IND10386,134829,39.7,0.9966,155.54,0.436,0.779,4,0,2024-07-28 22:07:00,Standard_Card,10,12,0,Unknown,2023-07-29 22:07:00,True,0.99420387,196
IND10034,27178,27.03,0.9985,79.36,0.5981,0.8953,4,0,2024-07-28 20:35:00,Standard_Card,10,12,0,Unknown,2023-07-29 20:35:00,True,0.99420387,197
IND10391,130159,11.08,0.9724,234.83,0.3112,0.7224,1,1,2024-07-28 20:44:00,Standard_Card,10,12,0,Unknown,2023-07-29 20:44:00,True,0.99420387,198
IND10492,75781,5.62,0.9711,293.56,0.6701,0.7231,1,0,2024-07-28 20:46:00,Standard_Card,10,12,0,Unknown,2023-07-29 20:46:00,True,0.99420387,199
IND10305,25132,21.33,0.9349,217.48,0.8168,0.928,5,0,2024-07-28 20:50:00,Standard_Card,10,12,0,Unknown,2023-07-29 20:50:00,True,0.99420387,200
IND10496,137407,31.54,0.9706,188.04,0.3519,0.7331,3,1,2024-07-28 21:02:00,Standard_Card,10,12,0,Unknown,2023-07-29 21:02:00,True,0.99420387,201
IND10196,149549,42.49,0.9882,266.39,0.2735,0.8903,5,0,2024-07-29 13:47:00,Standard_Card,10,12,0,Unknown,2023-07-30 13:47:00,True,0.99420387,202
IND10051,98864,37.79,0.9963,147.51,0.25,0.7144,4,0,2024-07-29 14:47:00,Standard_Card,10,12,0,Unknown,2023-07-30 14:47:00,True,0.99420387,203
IND10221,76023,6.78,0.9385,207.69,0.9007,0.9341,4,0,2024-07-29 14:53:00,Standard_Card,10,12,0,Unknown,2023-07-30 14:53:00,True,0.99420387,204
IND10198,98335,33.53,0.935,88.76,0.3092,0.8818,5,0,2024-07-29 12:28:00,Standard_Card,10,12,0,Unknown,2023-07-30 12:28:00,True,0.99420387,205
IND10480,176550,27.8,0.935,61.03,0.3157,0.7351,5,1,2024-07-29 12:36:00,Standard_Card,10,12,0,Unknown,2023-07-30 12:36:00,True,0.99420387,206
IND10339,179034,9.49,0.9308,124.75,0.5117,0.893,5,0,2024-07-29 13:22:00,Standard_Card,10,12,0,Unknown,2023-07-30 13:22:00,True,0.99420387,207
IND10446,28602,3.94,0.9377,150.23,0.7,0.8628,5,0,2024-07-29 13:43:00,Standard_Card,10,12,0,Unknown,2023-07-30 13:43:00,True,0.99420387,208
IND10490,23704,33.38,0.9832,124.08,0.3021,0.8757,5,0,2024-07-29 11:51:00,Standard_Card,10,12,0,Unknown,2023-07-30 11:51:00,True,0.99420387,209
IND10403,100115,42.55,0.954,155.17,0.3462,0.9647,3,0,2024-07-29 12:02:00,Standard_Card,10,12,0,Unknown,2023-07-30 12:02:00,True,0.99420387,210
IND10264,72732,21.02,0.9803,187.26,0.2153,0.8557,2,0,2024-07-29 09:51:00,Standard_Card,10,12,0,Unknown,2023-07-30 09:51:00,True,0.99420387,211
IND10350,178029,6.33,0.9719,299.12,0.7912,0.8421,2,0,2024-07-29 10:18:00,Standard_Card,10,12,0,Unknown,2023-07-30 10:18:00,True,0.99420387,212
IND10443,83426,27.84,0.9577,146.81,0.766,0.8442,3,0,2024-07-29 10:21:00,Standard_Card,10,12,0,Unknown,2023-07-30 10:21:00,True,0.99420387,213
IND10423,89148,7.25,0.9753,275.77,0.3611,0.9164,3,0,2024-07-30 22:22:00,Standard_Card,10,12,0,Unknown,2023-07-31 22:22:00,True,0.99420387,214
IND10307,127621,5.19,0.9755,104.24,0.4646,0.7539,1,1,2024-07-30 22:25:00,Standard_Card,10,12,0,Unknown,2023-07-31 22:25:00,True,0.99420387,215
IND10300,134431,44.39,0.97,261.95,0.7207,0.7558,5,0,2024-07-30 22:26:00,Standard_Card,10,12,0,Unknown,2023-07-31 22:26:00,True,0.99420387,216
IND10388,45499,10.1,0.9353,288.89,0.6778,0.832,4,0,2024-07-30 21:53:00,Standard_Card,10,12,0,Unknown,2023-07-31 21:53:00,True,0.99420387,217
IND10374,43763,22.78,0.9889,59.69,0.8365,0.8255,2,0,2024-07-30 21:57:00,Standard_Card,10,12,0,Unknown,2023-07-31 21:57:00,True,0.99420387,218
IND10342,198913,11.28,0.9513,156.88,0.3099,0.7075,3,1,2024-07-30 21:58:00,Standard_Card,10,12,0,Unknown,2023-07-31 21:58:00,True,0.99420387,219
IND10183,30492,8.57,0.9767,66.77,0.8992,0.7752,5,0,2024-07-30 21:09:00,Standard_Card,10,12,0,Unknown,2023-07-31 21:09:00,True,0.99420387,220
IND10314,155862,6.29,0.9798,95.92,0.7209,0.9461,3,1,2024-07-30 21:13:00,Standard_Card,10,12,0,Unknown,2023-07-31 21:13:00,True,0.99420387,221
IND10161,112656,26.78,0.9747,64.63,0.7884,0.8788,1,1,2024-07-30 21:14:00,Standard_Card,10,12,0,Unknown,2023-07-31 21:14:00,True,0.99420387,222
IND10397,34439,30.73,0.9261,272.37,0.2423,0.944,3,0,2024-07-30 21:16:00,Standard_Card,10,12,0,Unknown,2023-07-31 21:16:00,True,0.99420387,223
IND10256,37401,26.62,0.993,223.36,0.7163,0.9265,2,0,2024-07-30 21:23:00,Standard_Card,10,12,0,Unknown,2023-07-31 21:23:00,True,0.99420387,224
IND10127,182833,39.46,0.9622,261.94,0.6024,0.9256,4,0,2024-07-30 20:07:00,Standard_Card,10,12,0,Unknown,2023-07-31 20:07:00,True,0.99420387,225
IND10145,123742,21.44,0.9662,70.63,0.5399,0.7469,5,1,2024-07-30 20:16:00,Standard_Card,10,12,0,Unknown,2023-07-31 20:16:00,True,0.99420387,226
IND10304,153339,44.7,0.9356,50.3,0.4041,0.7503,5,0,2024-07-30 20:21:00,Standard_Card,10,12,0,Unknown,2023-07-31 20:21:00,True,0.99420387,227
IND10134,142977,5.62,0.943,52.73,0.32,0.7043,5,0,2024-07-30 20:23:00,Standard_Card,10,12,0,Unknown,2023-07-31 20:23:00,True,0.99420387,228
IND10471,94928,21.93,0.9915,248.66,0.8758,0.9049,3,1,2024-07-30 20:36:00,Standard_Card,10,12,0,Unknown,2023-07-31 20:36:00,True,0.99420387,229
IND10337,51591,23.43,0.9403,19.31,0.2246,0.9165,3,0,2024-07-30 20:42:00,Standard_Card,10,12,0,Unknown,2023-07-31 20:42:00,True,0.99420387,230
IND10247,82619,17.07,0.9688,34.56,0.6503,0.7407,1,0,2024-07-25 12:43:00,Standard_Card,10,12,0,Unknown,2023-07-26 12:43:00,True,0.99420387,231
IND10209,45502,33.06,0.9856,266.34,0.5816,0.8929,4,0,2024-07-25 13:45:00,Standard_Card,10,12,0,Unknown,2023-07-26 13:45:00,True,0.99420387,232
IND10211,54243,35.27,0.9821,85.73,0.2713,0.7411,5,0,2024-07-25 15:50:00,Standard_Card,10,12,0,Unknown,2023-07-26 15:50:00,True,0.99420387,233
IND10436,54073,40.9,0.9646,249.35,0.6467,0.9663,5,0,2024-07-25 17:02:00,Standard_Card,10,12,0,Unknown,2023-07-26 17:02:00,True,0.99420387,234
IND10190,50116,44.45,0.9688,298.08,0.9262,0.8469,2,0,2024-07-25 08:37:00,Standard_Card,10,12,0,Unknown,2023-07-26 08:37:00,True,0.99420387,235
IND10382,105257,30.73,0.9328,247.95,0.6746,0.9009,4,0,2024-07-25 11:48:00,Standard_Card,10,12,0,Unknown,2023-07-26 11:48:00,True,0.99420387,236
IND10013,77255,16.37,0.9656,40.91,0.2564,0.9185,1,0,2024-07-25 12:22:00,Standard_Card,10,12,0,Unknown,2023-07-26 12:22:00,True,0.99420387,237
IND10461,155886,5.98,0.9396,168.9,0.6559,0.8855,2,0,2024-07-25 12:32:00,Standard_Card,10,12,0,Unknown,2023-07-26 12:32:00,True,0.99420387,238
IND10133,41981,13.69,0.9581,24.08,0.6884,0.7664,5,0,2024-07-24 21:18:00,Standard_Card,10,12,0,Unknown,2023-07-25 21:18:00,True,0.99420387,239
IND10060,105592,27.01,0.9572,79.66,0.5328,0.7847,5,0,2024-07-24 21:19:00,Standard_Card,10,12,0,Unknown,2023-07-25 21:19:00,True,0.99420387,240
IND10367,50921,10.04,0.972,200.63,0.5291,0.9594,2,0,2024-07-23 14:22:00,Standard_Card,10,12,0,Unknown,2023-07-24 14:22:00,True,0.99420387,241
IND10011,112621,26.3,0.9545,277.52,0.7304,0.7458,1,0,2024-07-24 16:09:00,Standard_Card,10,12,0,Unknown,2023-07-25 16:09:00,True,0.99420387,242
IND10226,121846,2.01,0.926,278.03,0.3493,0.8919,4,0,2024-07-30 09:15:00,Standard_Card,10,12,0,Unknown,2023-07-31 09:15:00,True,0.9936074,243
IND10179,104641,18.15,0.9255,32.42,0.7117,0.8055,3,0,2024-07-28 08:15:00,Standard_Card,10,12,0,Unknown,2023-07-29 08:15:00,True,0.9936074,244
IND10265,175514,28.45,0.9253,14.91,0.8751,0.9481,3,0,2024-07-28 18:30:00,Standard_Card,10,12,0,Unknown,2023-07-29 18:30:00,True,0.9936074,245
IND10079,131191,39.32,0.925,27.79,0.7359,0.887,3,1,2024-07-24 19:40:00,Standard_Card,10,12,0,Unknown,2023-07-25 19:40:00,True,0.9936074,246
IND10039,178790,30.59,0.9247,225.42,0.4453,0.967,4,0,2024-07-29 11:26:00,Standard_Card,10,12,0,Unknown,2023-07-30 11:26:00,True,0.9936074,247
IND10276,174353,19.65,0.9256,290.49,0.6962,0.9715,5,0,2024-07-30 11:47:00,Standard_Card,10,12,0,Unknown,2023-07-31 11:47:00,True,0.9936074,248
IND10366,193786,15.87,0.9248,162.77,0.4976,0.7995,5,0,2024-07-30 15:05:00,Standard_Card,10,12,0,Unknown,2023-07-31 15:05:00,True,0.9936074,249
IND10093,127048,38.65,0.925,206.88,0.494,0.7791,4,1,2024-07-30 19:20:00,Standard_Card,10,12,0,Unknown,2023-07-31 19:20:00,True,0.9936074,250
IND10091,192074,42.1,0.9232,192.83,0.7507,0.8113,1,0,2024-07-26 14:32:00,Standard_Card,10,12,0,Unknown,2023-07-27 14:32:00,True,0.0063405917,251
IND10495,143403,29.5,0.9238,158.99,0.6531,0.9618,1,0,2024-07-29 16:58:00,Standard_Card,10,12,0,Unknown,2023-07-30 16:58:00,True,0.0063405917,252
IND10248,134328,31.66,0.9219,97.51,0.5509,0.7629,5,1,2024-07-29 15:00:00,Standard_Card,10,12,0,Unknown,2023-07-30 15:00:00,True,0.0063405917,253
IND10031,49882,15.01,0.9237,161.51,0.622,0.8324,3,0,2024-07-29 08:02:00,Standard_Card,10,12,0,Unknown,2023-07-30 08:02:00,True,0.0063405917,254
IND10430,113025,22.68,0.9225,285.28,0.9083,0.9741,4,1,2024-07-29 15:20:00,Standard_Card,10,12,0,Unknown,2023-07-30 15:20:00,True,0.0063405917,255
IND10393,78462,41.54,0.9232,28.45,0.3719,0.8736,3,0,2024-07-29 22:45:00,Standard_Card,10,12,0,Unknown,2023-07-30 22:45:00,True,0.0063405917,256
IND10105,71171,38.4,0.9236,20.75,0.6014,0.9114,4,0,2024-07-27 16:26:00,Standard_Card,10,12,0,Unknown,2023-07-28 16:26:00,True,0.0063405917,257
IND10082,134454,17.27,0.9223,155.91,0.437,0.9188,1,2,2024-07-28 13:41:00,Standard_Card,10,12,0,Unknown,2023-07-29 13:41:00,True,0.0063405917,258
IND10455,108173,40.05,0.9218,223.82,0.211,0.8464,3,0,2024-07-30 15:29:00,Standard_Card,10,12,0,Unknown,2023-07-31 15:29:00,True,0.0063405917,259
IND10148,25623,43.07,0.9245,124.14,0.5624,0.9371,5,0,2024-07-30 12:35:00,Standard_Card,10,12,0,Unknown,2023-07-31 12:35:00,True,0.0063405917,260
IND10008,38661,41.84,0.9238,84.89,0.5444,0.994,5,0,2024-07-27 08:05:00,Standard_Card,10,12,0,Unknown,2023-07-28 08:05:00,True,0.0063405917,261
IND10006,82015,5.92,0.9242,26.69,0.6121,0.8325,2,1,2024-07-30 16:48:00,Standard_Card,10,12,0,Unknown,2023-07-31 16:48:00,True,0.0063405917,262
IND10356,76518,4.57,0.9231,58.89,0.6723,0.8335,3,0,2024-07-26 13:27:00,Standard_Card,10,12,0,Unknown,2023-07-27 13:27:00,True,0.0063405917,263
IND10053,93480,33.05,0.856,127.57,0.5872,0.8742,2,1,2024-07-25 18:23:00,Standard_Card,10,12,0,Unknown,2023-07-26 18:23:00,True,0.005760074,264
IND10437,105353,17.1,0.8526,150.17,0.9475,0.8047,4,1,2024-07-25 18:42:00,Standard_Card,10,12,0,Unknown,2023-07-26 18:42:00,True,0.005760074,265
IND10101,145895,12.86,0.9155,160.85,0.4212,0.7046,3,0,2024-07-30 20:39:00,Standard_Card,10,12,0,Unknown,2023-07-31 20:39:00,True,0.005760074,266
IND10009,45042,7.19,0.9191,69.84,0.4732,0.851,3,0,2024-07-30 20:50:00,Standard_Card,10,12,0,Unknown,2023-07-31 20:50:00,True,0.005760074,267
IND10479,136577,11.18,0.8623,36.02,0.325,0.7058,5,0,2024-07-30 21:05:00,Standard_Card,10,12,0,Unknown,2023-07-31 21:05:00,True,0.005760074,268
IND10159,72515,7.92,0.9128,256.56,0.8992,0.8804,4,0,2024-07-30 21:07:00,Standard_Card,10,12,0,Unknown,2023-07-31 21:07:00,True,0.005760074,269
IND10336,124617,43.51,0.8728,95.39,0.7757,0.8229,3,0,2024-07-30 21:16:00,Standard_Card,10,12,0,Unknown,2023-07-31 21:16:00,True,0.005760074,270
IND10487,102694,24.12,0.8577,183.27,0.4506,0.762,1,0,2024-07-30 21:31:00,Standard_Card,10,12,0,Unknown,2023-07-31 21:31:00,True,0.005760074,271
IND10341,147332,29.48,0.8799,249.94,0.7074,0.8414,3,1,2024-07-24 21:50:00,Standard_Card,10,12,0,Unknown,2023-07-25 21:50:00,True,0.005760074,272
IND10092,45879,38.03,0.8609,265.52,0.3925,0.8779,3,1,2024-07-24 22:07:00,Standard_Card,10,12,0,Unknown,2023-07-25 22:07:00,True,0.005760074,273
IND10014,56401,6.75,0.9032,93.3,0.4222,0.7701,1,0,2024-07-24 22:19:00,Standard_Card,10,12,0,Unknown,2023-07-25 22:19:00,True,0.005760074,274
IND10472,192735,33.83,0.8626,130.42,0.725,0.987,1,0,2024-07-25 08:40:00,Standard_Card,10,12,0,Unknown,2023-07-26 08:40:00,True,0.005760074,275
IND10418,136038,3.36,0.8848,110.22,0.7037,0.7958,5,0,2024-07-25 11:49:00,Standard_Card,10,12,0,Unknown,2023-07-26 11:49:00,True,0.005760074,276
IND10237,51929,28.72,0.8769,71.19,0.2048,0.9132,4,0,2024-07-25 11:56:00,Standard_Card,10,12,0,Unknown,2023-07-26 11:56:00,True,0.005760074,277
IND10206,148599,15.66,0.871,31.81,0.2337,0.7485,4,0,2024-07-25 14:02:00,Standard_Card,10,12,0,Unknown,2023-07-26 14:02:00,True,0.005760074,278
IND10452,76739,9.76,0.9046,81.18,0.6296,0.8842,2,0,2024-07-25 18:02:00,Standard_Card,10,12,0,Unknown,2023-07-26 18:02:00,True,0.005760074,279
IND10216,83307,3.91,0.8981,175.84,0.7411,0.8651,1,0,2024-07-24 15:50:00,Standard_Card,10,12,0,Unknown,2023-07-25 15:50:00,True,0.005760074,280
IND10140,148604,26.13,0.9076,87.93,0.689,0.7404,1,0,2024-07-24 19:04:00,Standard_Card,10,12,0,Unknown,2023-07-25 19:04:00,True,0.005760074,281
IND10231,178507,21.95,0.887,158.29,0.4886,0.7633,2,0,2024-07-24 19:28:00,Standard_Card,10,12,0,Unknown,2023-07-25 19:28:00,True,0.005760074,282
IND10130,43983,3.65,0.9103,241.73,0.592,0.865,2,0,2024-07-24 19:57:00,Standard_Card,10,12,0,Unknown,2023-07-25 19:57:00,True,0.005760074,283
IND10037,164519,10.04,0.853,123.3,0.3436,0.8235,1,1,2024-07-24 20:58:00,Standard_Card,10,12,0,Unknown,2023-07-25 20:58:00,True,0.005760074,284
IND10057,37373,18.9,0.8709,13.11,0.6082,0.9927,3,0,2024-07-24 21:22:00,Standard_Card,10,12,0,Unknown,2023-07-25 21:22:00,True,0.005760074,285
IND10132,126468,32.04,0.8886,173.58,0.5998,0.7414,3,0,2024-07-28 21:08:00,Standard_Card,10,12,0,Unknown,2023-07-29 21:08:00,True,0.005760074,286
IND10090,170524,5.37,0.8609,256.59,0.3596,0.9006,1,0,2024-07-28 21:42:00,Standard_Card,10,12,0,Unknown,2023-07-29 21:42:00,True,0.005760074,287
IND10222,175671,32.7,0.8942,169.74,0.6706,0.8443,2,1,2024-07-28 21:50:00,Standard_Card,10,12,0,Unknown,2023-07-29 21:50:00,True,0.005760074,288
IND10068,193702,43.95,0.8598,248.33,0.6847,0.8942,4,0,2024-07-28 22:58:00,Standard_Card,10,12,0,Unknown,2023-07-29 22:58:00,True,0.005760074,289
IND10041,200445,36.56,0.915,299.18,0.6193,0.7963,1,0,2024-07-29 08:09:00,Standard_Card,10,12,0,Unknown,2023-07-30 08:09:00,True,0.005760074,290
IND10288,76985,12.36,0.8973,66.8,0.7818,0.8946,3,0,2024-07-29 08:10:00,Standard_Card,10,12,0,Unknown,2023-07-30 08:10:00,True,0.005760074,291
IND10380,182870,18.75,0.9053,204.89,0.2677,0.7617,1,0,2024-07-29 08:13:00,Standard_Card,10,12,0,Unknown,2023-07-30 08:13:00,True,0.005760074,292
IND10103,187644,4.65,0.8905,232.84,0.8638,0.7665,2,0,2024-07-29 14:10:00,Standard_Card,10,12,0,Unknown,2023-07-30 14:10:00,True,0.005760074,293
IND10214,45437,26.6,0.8695,253.8,0.7902,0.8969,5,0,2024-07-29 14:17:00,Standard_Card,10,12,0,Unknown,2023-07-30 14:17:00,True,0.005760074,294
IND10102,86103,9.6,0.8928,287.2,0.7506,0.8985,4,0,2024-07-29 14:22:00,Standard_Card,10,12,0,Unknown,2023-07-30 14:22:00,True,0.005760074,295
IND10119,148034,17.91,0.8528,47.01,0.7657,0.8415,1,0,2024-07-29 14:28:00,Standard_Card,10,12,0,Unknown,2023-07-30 14:28:00,True,0.005760074,296
IND10035,78656,17.98,0.9089,228.74,0.8888,0.9853,2,0,2024-07-29 14:41:00,Standard_Card,10,12,0,Unknown,2023-07-30 14:41:00,True,0.005760074,297
IND10268,163008,34.71,0.8767,180.26,0.9059,0.8832,3,0,2024-07-28 20:30:00,Standard_Card,10,12,0,Unknown,2023-07-29 20:30:00,True,0.005760074,298
IND10118,144148,27.53,0.8524,85.27,0.696,0.7096,1,0,2024-07-28 20:56:00,Standard_Card,10,12,0,Unknown,2023-07-29 20:56:00,True,0.005760074,299
IND10428,87384,20.08,0.8924,212.98,0.2041,0.7319,5,1,2024-07-28 21:03:00,Standard_Card,10,12,0,Unknown,2023-07-29 21:03:00,True,0.005760074,300
IND10078,128564,33.4,0.9081,237.48,0.5697,0.7543,5,0,2024-07-29 11:36:00,Standard_Card,10,12,0,Unknown,2023-07-30 11:36:00,True,0.005760074,301
IND10193,59246,17.46,0.8987,159.94,0.2343,0.9836,1,0,2024-07-29 11:46:00,Standard_Card,10,12,0,Unknown,2023-07-30 11:46:00,True,0.005760074,302
IND10240,194314,19.04,0.9196,70.42,0.6557,0.9277,3,0,2024-07-29 12:13:00,Standard_Card,10,12,0,Unknown,2023-07-30 12:13:00,True,0.005760074,303
IND10404,141121,22.43,0.889,25.13,0.4096,0.8407,3,0,2024-07-29 12:40:00,Standard_Card,10,12,0,Unknown,2023-07-30 12:40:00,True,0.005760074,304
IND10201,23304,37.56,0.8927,139.36,0.4341,0.7806,4,0,2024-07-29 12:48:00,Standard_Card,10,12,0,Unknown,2023-07-30 12:48:00,True,0.005760074,305
IND10167,105908,17.08,0.891,177.45,0.9001,0.7105,4,0,2024-07-29 12:49:00,Standard_Card,10,12,0,Unknown,2023-07-30 12:49:00,True,0.005760074,306
IND10162,137217,9.3,0.8514,78.77,0.3763,0.8266,1,1,2024-07-29 13:31:00,Standard_Card,10,12,0,Unknown,2023-07-30 13:31:00,True,0.005760074,307
IND10023,125565,3.83,0.9057,87.1,0.6846,0.8498,4,0,2024-07-23 11:19:00,Standard_Card,10,12,0,Unknown,2023-07-24 11:19:00,True,0.005760074,308
IND10298,156190,23.27,0.9209,178.06,0.3645,0.8578,3,0,2024-07-29 09:17:00,Standard_Card,10,12,0,Unknown,2023-07-30 09:17:00,True,0.005760074,309
IND10010,195677,25.34,0.9147,106.52,0.7479,0.9081,3,0,2024-07-29 09:56:00,Standard_Card,10,12,0,Unknown,2023-07-30 09:56:00,True,0.005760074,310
IND10468,199695,33.98,0.9084,260.9,0.8566,0.9731,4,0,2024-07-29 09:59:00,Standard_Card,10,12,0,Unknown,2023-07-30 09:59:00,True,0.005760074,311
IND10484,50294,2.55,0.8993,59.11,0.6172,0.8537,4,0,2024-07-29 10:01:00,Standard_Card,10,12,0,Unknown,2023-07-30 10:01:00,True,0.005760074,312
IND10460,102873,24.8,0.8902,262.89,0.3208,0.7762,4,0,2024-07-29 10:15:00,Standard_Card,10,12,0,Unknown,2023-07-30 10:15:00,True,0.005760074,313
IND10194,97046,17.9,0.8751,13.33,0.6659,0.8218,5,0,2024-07-29 10:36:00,Standard_Card,10,12,0,Unknown,2023-07-30 10:36:00,True,0.005760074,314
IND10457,77198,8.4,0.9151,272.1,0.9466,0.8085,2,0,2024-07-29 10:58:00,Standard_Card,10,12,0,Unknown,2023-07-30 10:58:00,True,0.005760074,315
IND10306,34383,20.33,0.8888,19.22,0.8315,0.7877,4,1,2024-07-28 15:42:00,Standard_Card,10,12,0,Unknown,2023-07-29 15:42:00,True,0.005760074,316
IND10277,63870,28.32,0.8533,298.15,0.3375,0.9132,2,0,2024-07-28 15:46:00,Standard_Card,10,12,0,Unknown,2023-07-29 15:46:00,True,0.005760074,317
IND10239,188749,26.81,0.9132,183.19,0.9104,0.7579,5,1,2024-07-28 16:07:00,Standard_Card,10,12,0,Unknown,2023-07-29 16:07:00,True,0.005760074,318
IND10383,112227,2.21,0.8775,73.44,0.4164,0.9633,5,0,2024-07-28 16:20:00,Standard_Card,10,12,0,Unknown,2023-07-29 16:20:00,True,0.005760074,319
IND10238,188006,39.35,0.853,80.62,0.2675,0.8326,5,1,2024-07-28 17:14:00,Standard_Card,10,12,0,Unknown,2023-07-29 17:14:00,True,0.005760074,320
IND10408,144628,39.71,0.8648,61.68,0.7405,0.7524,1,0,2024-07-28 17:30:00,Standard_Card,10,12,0,Unknown,2023-07-29 17:30:00,True,0.005760074,321
IND10344,51640,13.12,0.8686,212.75,0.8322,0.706,2,0,2024-07-28 17:41:00,Standard_Card,10,12,0,Unknown,2023-07-29 17:41:00,True,0.005760074,322
IND10459,180027,37.37,0.857,92.89,0.4786,0.9927,2,0,2024-07-28 17:41:00,Standard_Card,10,12,0,Unknown,2023-07-29 17:41:00,True,0.005760074,323
IND10301,143043,36.59,0.8634,259.25,0.4334,0.7004,1,0,2024-07-29 18:02:00,Standard_Card,10,12,0,Unknown,2023-07-30 18:02:00,True,0.005760074,324
IND10036,69369,35.56,0.9215,154.29,0.3535,0.8773,5,0,2024-07-29 18:22:00,Standard_Card,10,12,0,Unknown,2023-07-30 18:22:00,True,0.005760074,325
IND10263,57581,26.04,0.8742,64.27,0.5272,0.8326,1,0,2024-07-29 18:34:00,Standard_Card,10,12,0,Unknown,2023-07-30 18:34:00,True,0.005760074,326
IND10429,192409,7.46,0.9148,232.43,0.3111,0.9799,3,0,2024-07-29 19:03:00,Standard_Card,10,12,0,Unknown,2023-07-30 19:03:00,True,0.005760074,327
IND10204,37114,25.47,0.915,289.26,0.493,0.8202,4,0,2024-07-29 19:08:00,Standard_Card,10,12,0,Unknown,2023-07-30 19:08:00,True,0.005760074,328
IND10258,160928,23.38,0.8829,295.35,0.8354,0.7079,2,1,2024-07-28 14:14:00,Standard_Card,10,12,0,Unknown,2023-07-29 14:14:00,True,0.005760074,329
IND10144,38981,25.37,0.8857,256.82,0.6179,0.7621,3,0,2024-07-28 14:17:00,Standard_Card,10,12,0,Unknown,2023-07-29 14:17:00,True,0.005760074,330
IND10448,130869,2.5,0.9051,299.28,0.6764,0.9086,5,0,2024-07-28 15:14:00,Standard_Card,10,12,0,Unknown,2023-07-29 15:14:00,True,0.005760074,331
IND10401,118338,16.09,0.8724,241.09,0.7896,0.7634,4,0,2024-07-29 15:29:00,Standard_Card,10,12,0,Unknown,2023-07-30 15:29:00,True,0.005760074,332
IND10147,159924,30.98,0.87,265.17,0.583,0.7247,3,0,2024-07-29 15:49:00,Standard_Card,10,12,0,Unknown,2023-07-30 15:49:00,True,0.005760074,333
IND10296,100460,26.18,0.8918,122.7,0.8798,0.9568,5,0,2024-07-29 15:52:00,Standard_Card,10,12,0,Unknown,2023-07-30 15:52:00,True,0.005760074,334
IND10017,119031,39.49,0.8829,293.0,0.4527,0.7546,3,0,2024-07-29 16:05:00,Standard_Card,10,12,0,Unknown,2023-07-30 16:05:00,True,0.005760074,335
IND10319,133137,32.04,0.9179,78.94,0.9278,0.8697,1,0,2024-07-29 16:58:00,Standard_Card,10,12,0,Unknown,2023-07-30 16:58:00,True,0.005760074,336
IND10251,158994,6.61,0.9036,252.26,0.2964,0.7802,4,0,2024-07-29 17:39:00,Standard_Card,10,12,0,Unknown,2023-07-30 17:39:00,True,0.005760074,337
IND10439,105145,23.37,0.879,226.75,0.2994,0.7534,2,0,2024-07-29 17:52:00,Standard_Card,10,12,0,Unknown,2023-07-30 17:52:00,True,0.005760074,338
IND10291,75769,3.44,0.9007,133.98,0.2464,0.9445,1,0,2024-07-29 09:08:00,Standard_Card,10,12,0,Unknown,2023-07-30 09:08:00,True,0.005760074,339
IND10157,168143,44.1,0.8906,210.89,0.3901,0.8069,4,0,2024-07-29 09:10:00,Standard_Card,10,12,0,Unknown,2023-07-30 09:10:00,True,0.005760074,340
IND10254,132931,25.6,0.8738,92.0,0.4302,0.7658,5,0,2024-07-29 14:56:00,Standard_Card,10,12,0,Unknown,2023-07-30 14:56:00,True,0.005760074,341
IND10458,62032,18.2,0.9011,60.13,0.4507,0.8174,5,0,2024-07-29 15:01:00,Standard_Card,10,12,0,Unknown,2023-07-30 15:01:00,True,0.005760074,342
IND10396,22754,29.05,0.8789,30.46,0.477,0.8573,4,0,2024-07-29 15:01:00,Standard_Card,10,12,0,Unknown,2023-07-30 15:01:00,True,0.005760074,343
IND10169,146422,15.56,0.8591,209.18,0.6259,0.8048,5,0,2024-07-29 15:15:00,Standard_Card,10,12,0,Unknown,2023-07-30 15:15:00,True,0.005760074,344
IND10131,180845,15.08,0.9175,167.69,0.2752,0.9796,5,0,2024-07-28 08:54:00,Standard_Card,10,12,0,Unknown,2023-07-29 08:54:00,True,0.005760074,345
IND10355,191878,30.95,0.9143,142.32,0.3178,0.8244,3,0,2024-07-28 09:04:00,Standard_Card,10,12,0,Unknown,2023-07-29 09:04:00,True,0.005760074,346
IND10285,145621,43.18,0.914,113.38,0.9485,0.8596,3,0,2024-07-28 09:40:00,Standard_Card,10,12,0,Unknown,2023-07-29 09:40:00,True,0.005760074,347
IND10343,107437,36.34,0.8773,173.97,0.2225,0.7932,3,0,2024-07-28 10:28:00,Standard_Card,10,12,0,Unknown,2023-07-29 10:28:00,True,0.005760074,348
IND10054,48902,6.17,0.8769,241.28,0.7082,0.8641,3,0,2024-07-28 10:45:00,Standard_Card,10,12,0,Unknown,2023-07-29 10:45:00,True,0.005760074,349
IND10478,61954,3.87,0.8944,282.88,0.912,0.954,1,0,2024-07-28 10:59:00,Standard_Card,10,12,0,Unknown,2023-07-29 10:59:00,True,0.005760074,350
IND10352,143095,34.22,0.903,207.74,0.3383,0.8147,4,0,2024-07-28 11:43:00,Standard_Card,10,12,0,Unknown,2023-07-29 11:43:00,True,0.005760074,351
IND10022,155944,38.61,0.8813,279.87,0.2873,0.9452,3,0,2024-07-28 11:53:00,Standard_Card,10,12,0,Unknown,2023-07-29 11:53:00,True,0.005760074,352
IND10279,20634,40.87,0.8747,216.58,0.7489,0.8318,2,0,2024-07-30 08:06:00,Standard_Card,10,12,0,Unknown,2023-07-31 08:06:00,True,0.005760074,353
IND10075,141184,7.83,0.8718,212.26,0.6821,0.9348,5,1,2024-07-30 08:14:00,Standard_Card,10,12,0,Unknown,2023-07-31 08:14:00,True,0.005760074,354
IND10070,59940,44.97,0.8817,86.9,0.6971,0.9896,4,1,2024-07-30 08:35:00,Standard_Card,10,12,0,Unknown,2023-07-31 08:35:00,True,0.005760074,355
IND10187,144315,26.71,0.8573,127.55,0.3379,0.8078,1,0,2024-07-30 08:42:00,Standard_Card,10,12,0,Unknown,2023-07-31 08:42:00,True,0.005760074,356
IND10500,144806,15.68,0.8671,197.69,0.5538,0.7654,4,0,2024-07-30 08:56:00,Standard_Card,10,12,0,Unknown,2023-07-31 08:56:00,True,0.005760074,357
IND10252,178874,32.78,0.8576,154.33,0.4494,0.8892,5,0,2024-07-28 08:27:00,Standard_Card,10,12,0,Unknown,2023-07-29 08:27:00,True,0.005760074,358
IND10318,94812,7.61,0.8852,189.51,0.2133,0.8904,5,0,2024-07-29 20:55:00,Standard_Card,10,12,0,Unknown,2023-07-30 20:55:00,True,0.005760074,359
IND10163,118833,33.1,0.9073,102.54,0.8396,0.766,4,0,2024-07-29 21:01:00,Standard_Card,10,12,0,Unknown,2023-07-30 21:01:00,True,0.005760074,360
IND10002,155659,25.21,0.8805,283.43,0.6491,0.9084,5,1,2024-07-29 21:23:00,Standard_Card,10,12,0,Unknown,2023-07-30 21:23:00,True,0.005760074,361
IND10272,157327,12.28,0.8729,262.14,0.9064,0.8464,3,0,2024-07-29 21:26:00,Standard_Card,10,12,0,Unknown,2023-07-30 21:26:00,True,0.005760074,362
IND10422,133087,44.61,0.9064,285.01,0.7708,0.7505,3,0,2024-07-29 21:49:00,Standard_Card,10,12,0,Unknown,2023-07-30 21:49:00,True,0.005760074,363
IND10489,72381,22.32,0.9197,253.41,0.783,0.7696,5,0,2024-07-29 22:37:00,Standard_Card,10,12,0,Unknown,2023-07-30 22:37:00,True,0.005760074,364
IND10441,190248,37.94,0.9106,232.48,0.8839,0.8397,1,0,2024-07-29 22:59:00,Standard_Card,10,12,0,Unknown,2023-07-30 22:59:00,True,0.005760074,365
IND10373,136130,4.62,0.8699,285.77,0.5303,0.7147,4,0,2024-07-28 18:05:00,Standard_Card,10,12,0,Unknown,2023-07-29 18:05:00,True,0.005760074,366
IND10044,150221,10.2,0.9021,168.7,0.9438,0.8993,3,0,2024-07-28 18:20:00,Standard_Card,10,12,0,Unknown,2023-07-29 18:20:00,True,0.005760074,367
IND10332,34077,8.87,0.8885,156.18,0.2147,0.8272,4,0,2024-07-28 18:39:00,Standard_Card,10,12,0,Unknown,2023-07-29 18:39:00,True,0.005760074,368
IND10230,198613,17.62,0.8754,154.85,0.744,0.725,4,0,2024-07-28 18:47:00,Standard_Card,10,12,0,Unknown,2023-07-29 18:47:00,True,0.005760074,369
IND10364,67726,25.1,0.8746,79.05,0.2502,0.7199,1,0,2024-07-28 19:59:00,Standard_Card,10,12,0,Unknown,2023-07-29 19:59:00,True,0.005760074,370
IND10375,90960,10.06,0.8981,248.8,0.4637,0.9171,5,0,2024-07-28 20:15:00,Standard_Card,10,12,0,Unknown,2023-07-29 20:15:00,True,0.005760074,371
IND10246,50419,5.5,0.8561,105.7,0.7474,0.8565,5,0,2024-07-29 19:45:00,Standard_Card,10,12,0,Unknown,2023-07-30 19:45:00,True,0.005760074,372
IND10210,125448,28.09,0.8996,157.97,0.2977,0.8357,4,0,2024-07-24 15:17:00,Standard_Card,10,12,0,Unknown,2023-07-25 15:17:00,True,0.005760074,373
IND10174,196480,11.17,0.8675,130.46,0.3399,0.7307,1,0,2024-07-27 16:43:00,Standard_Card,10,12,0,Unknown,2023-07-28 16:43:00,True,0.005760074,374
IND10122,43708,38.6,0.9141,288.97,0.7422,0.8934,4,0,2024-07-27 17:30:00,Standard_Card,10,12,0,Unknown,2023-07-28 17:30:00,True,0.005760074,375
IND10059,21024,5.76,0.9066,129.92,0.2299,0.7822,3,2,2024-07-27 17:43:00,Standard_Card,10,12,0,Unknown,2023-07-28 17:43:00,True,0.005760074,376
IND10126,93413,25.91,0.899,138.32,0.6852,0.8482,5,0,2024-07-27 18:19:00,Standard_Card,10,12,0,Unknown,2023-07-28 18:19:00,True,0.005760074,377
IND10451,150380,28.49,0.865,171.49,0.83,0.981,4,0,2024-07-27 18:23:00,Standard_Card,10,12,0,Unknown,2023-07-28 18:23:00,True,0.005760074,378
IND10481,83942,19.99,0.8743,102.71,0.7834,0.7647,2,1,2024-07-27 18:37:00,Standard_Card,10,12,0,Unknown,2023-07-28 18:37:00,True,0.005760074,379
IND10371,86754,7.3,0.8517,205.25,0.3983,0.9901,3,0,2024-07-27 18:46:00,Standard_Card,10,12,0,Unknown,2023-07-28 18:46:00,True,0.005760074,380
IND10257,103195,10.96,0.8518,270.01,0.8842,0.7184,5,0,2024-07-30 12:00:00,Standard_Card,10,12,0,Unknown,2023-07-31 12:00:00,True,0.005760074,381
IND10402,21935,40.57,0.8723,209.09,0.425,0.8704,2,0,2024-07-27 13:04:00,Standard_Card,10,12,0,Unknown,2023-07-28 13:04:00,True,0.005760074,382
IND10249,59659,2.82,0.8658,114.25,0.3161,0.7226,1,0,2024-07-27 13:33:00,Standard_Card,10,12,0,Unknown,2023-07-28 13:33:00,True,0.005760074,383
IND10085,58885,7.83,0.9171,250.53,0.427,0.8403,5,0,2024-07-27 13:34:00,Standard_Card,10,12,0,Unknown,2023-07-28 13:34:00,True,0.005760074,384
IND10316,53382,26.42,0.9174,262.53,0.8591,0.8031,3,0,2024-07-27 13:39:00,Standard_Card,10,12,0,Unknown,2023-07-28 13:39:00,True,0.005760074,385
IND10351,30866,34.67,0.8789,61.4,0.4716,0.9553,2,0,2024-07-27 15:18:00,Standard_Card,10,12,0,Unknown,2023-07-28 15:18:00,True,0.005760074,386
IND10028,180320,13.57,0.911,268.53,0.2022,0.7119,4,0,2024-07-27 15:30:00,Standard_Card,10,12,0,Unknown,2023-07-28 15:30:00,True,0.005760074,387
IND10188,165611,12.09,0.867,25.49,0.6562,0.9146,1,0,2024-07-27 15:48:00,Standard_Card,10,12,0,Unknown,2023-07-28 15:48:00,True,0.005760074,388
IND10293,145773,27.15,0.8918,145.32,0.6192,0.9657,3,0,2024-07-30 10:17:00,Standard_Card,10,12,0,Unknown,2023-07-31 10:17:00,True,0.005760074,389
IND10164,58952,20.26,0.8703,130.59,0.3116,0.897,5,0,2024-07-30 10:27:00,Standard_Card,10,12,0,Unknown,2023-07-31 10:27:00,True,0.005760074,390
IND10309,107694,18.44,0.8551,220.84,0.9075,0.7486,4,0,2024-07-30 10:31:00,Standard_Card,10,12,0,Unknown,2023-07-31 10:31:00,True,0.005760074,391
IND10135,28884,14.14,0.8943,284.05,0.9408,0.842,3,0,2024-07-30 10:33:00,Standard_Card,10,12,0,Unknown,2023-07-31 10:33:00,True,0.005760074,392
IND10485,75712,28.31,0.8581,268.09,0.3829,0.901,5,0,2024-07-30 10:40:00,Standard_Card,10,12,0,Unknown,2023-07-31 10:40:00,True,0.005760074,393
IND10346,177787,2.56,0.9087,236.79,0.3413,0.9447,1,1,2024-07-30 11:36:00,Standard_Card,10,12,0,Unknown,2023-07-31 11:36:00,True,0.005760074,394
IND10071,54815,18.46,0.8767,112.0,0.5301,0.7208,2,0,2024-07-30 11:47:00,Standard_Card,10,12,0,Unknown,2023-07-31 11:47:00,True,0.005760074,395
IND10029,151905,14.07,0.881,159.81,0.2041,0.7023,2,0,2024-07-30 17:32:00,Standard_Card,10,12,0,Unknown,2023-07-31 17:32:00,True,0.005760074,396
IND10289,170420,40.76,0.8703,250.7,0.4034,0.8418,1,0,2024-07-28 12:44:00,Standard_Card,10,12,0,Unknown,2023-07-29 12:44:00,True,0.005760074,397
IND10311,97997,12.31,0.8747,56.17,0.2068,0.9381,4,0,2024-07-30 21:41:00,Standard_Card,10,12,0,Unknown,2023-07-31 21:41:00,True,0.005760074,398
IND10077,185999,4.05,0.9028,258.41,0.497,0.7597,3,0,2024-07-28 14:00:00,Standard_Card,10,12,0,Unknown,2023-07-29 14:00:00,True,0.005760074,399
IND10328,123181,35.71,0.8615,140.23,0.5134,0.7544,5,1,2024-07-30 09:18:00,Standard_Card,10,12,0,Unknown,2023-07-31 09:18:00,True,0.005760074,400
IND10313,100187,19.43,0.9186,213.46,0.5932,0.8146,5,0,2024-07-30 09:36:00,Standard_Card,10,12,0,Unknown,2023-07-31 09:36:00,True,0.005760074,401
IND10107,201592,16.56,0.8531,115.43,0.5986,0.9616,1,0,2024-07-30 09:36:00,Standard_Card,10,12,0,Unknown,2023-07-31 09:36:00,True,0.005760074,402
IND10445,26624,12.15,0.8556,146.96,0.4868,0.9508,2,0,2024-07-30 09:44:00,Standard_Card,10,12,0,Unknown,2023-07-31 09:44:00,True,0.005760074,403
IND10005,91994,26.34,0.8738,44.85,0.4564,0.7275,5,0,2024-07-30 09:55:00,Standard_Card,10,12,0,Unknown,2023-07-31 09:55:00,True,0.005760074,404
IND10061,51243,35.93,0.8679,50.76,0.4149,0.8554,5,0,2024-07-30 15:55:00,Standard_Card,10,12,0,Unknown,2023-07-31 15:55:00,True,0.005760074,405
IND10427,156719,45.0,0.9019,245.98,0.7883,0.9169,1,0,2024-07-30 15:58:00,Standard_Card,10,12,0,Unknown,2023-07-31 15:58:00,True,0.005760074,406
IND10329,58425,4.5,0.8666,136.0,0.4844,0.9969,1,1,2024-07-30 16:01:00,Standard_Card,10,12,0,Unknown,2023-07-31 16:01:00,True,0.005760074,407
IND10129,29737,32.53,0.8572,128.28,0.7288,0.7681,3,0,2024-07-30 16:06:00,Standard_Card,10,12,0,Unknown,2023-07-31 16:06:00,True,0.005760074,408
IND10378,114443,32.06,0.8655,86.96,0.8126,0.8512,4,1,2024-07-30 16:08:00,Standard_Card,10,12,0,Unknown,2023-07-31 16:08:00,True,0.005760074,409
IND10456,137319,20.97,0.9035,211.97,0.9411,0.7275,3,0,2024-07-30 16:22:00,Standard_Card,10,12,0,Unknown,2023-07-31 16:22:00,True,0.005760074,410
IND10447,126456,41.75,0.8537,40.59,0.534,0.7789,1,0,2024-07-30 16:28:00,Standard_Card,10,12,0,Unknown,2023-07-31 16:28:00,True,0.005760074,411
IND10158,194425,14.42,0.9081,191.77,0.6151,0.9883,3,0,2024-07-30 16:32:00,Standard_Card,10,12,0,Unknown,2023-07-31 16:32:00,True,0.005760074,412
IND10432,64386,37.71,0.8903,209.22,0.3012,0.8532,2,0,2024-07-30 21:57:00,Standard_Card,10,12,0,Unknown,2023-07-31 21:57:00,True,0.005760074,413
IND10262,34269,30.51,0.9073,130.13,0.461,0.7706,2,0,2024-07-30 15:26:00,Standard_Card,10,12,0,Unknown,2023-07-31 15:26:00,True,0.005760074,414
IND10244,160179,44.13,0.8678,84.97,0.8685,0.8448,2,0,2024-07-30 22:01:00,Standard_Card,10,12,0,Unknown,2023-07-31 22:01:00,True,0.005760074,415
IND10440,54863,6.9,0.8788,209.08,0.2352,0.7114,2,0,2024-07-30 15:30:00,Standard_Card,10,12,0,Unknown,2023-07-31 15:30:00,True,0.005760074,416
IND10228,99783,26.04,0.8689,64.88,0.4171,0.967,2,0,2024-07-30 15:33:00,Standard_Card,10,12,0,Unknown,2023-07-31 15:33:00,True,0.005760074,417
IND10136,182953,3.6,0.9041,15.07,0.3443,0.9257,3,1,2024-07-30 15:38:00,Standard_Card,10,12,0,Unknown,2023-07-31 15:38:00,True,0.005760074,418
IND10074,153291,23.2,0.9208,152.19,0.8351,0.9496,5,0,2024-07-30 15:42:00,Standard_Card,10,12,0,Unknown,2023-07-31 15:42:00,True,0.005760074,419
IND10066,142637,32.58,0.851,231.52,0.5856,0.9338,5,0,2024-07-30 15:48:00,Standard_Card,10,12,0,Unknown,2023-07-31 15:48:00,True,0.005760074,420
IND10040,174198,26.74,0.8533,284.08,0.7225,0.8487,3,1,2024-07-30 13:22:00,Standard_Card,10,12,0,Unknown,2023-07-31 13:22:00,True,0.005760074,421
IND10322,35091,30.23,0.8998,159.59,0.9242,0.7649,2,0,2024-07-30 13:24:00,Standard_Card,10,12,0,Unknown,2023-07-31 13:24:00,True,0.005760074,422
IND10176,72438,25.98,0.8935,250.14,0.704,0.9912,3,0,2024-07-30 13:25:00,Standard_Card,10,12,0,Unknown,2023-07-31 13:25:00,True,0.005760074,423
IND10413,61904,8.11,0.8752,177.35,0.3696,0.8378,5,0,2024-07-30 13:29:00,Standard_Card,10,12,0,Unknown,2023-07-31 13:29:00,True,0.005760074,424
IND10224,129035,44.79,0.8538,270.96,0.2029,0.8093,4,0,2024-07-30 13:38:00,Standard_Card,10,12,0,Unknown,2023-07-31 13:38:00,True,0.005760074,425
IND10333,201426,13.63,0.9185,227.84,0.7338,0.8928,3,1,2024-07-30 14:04:00,Standard_Card,10,12,0,Unknown,2023-07-31 14:04:00,True,0.005760074,426
IND10141,90888,44.76,0.8557,57.06,0.8694,0.7182,4,1,2024-07-30 14:36:00,Standard_Card,10,12,0,Unknown,2023-07-31 14:36:00,True,0.005760074,427
IND10270,148814,15.69,0.8712,119.85,0.7046,0.8085,4,0,2024-07-30 14:47:00,Standard_Card,10,12,0,Unknown,2023-07-31 14:47:00,True,0.005760074,428
IND10081,134337,2.16,0.8857,282.15,0.3283,0.734,1,0,2024-07-27 19:09:00,Standard_Card,10,12,0,Unknown,2023-07-28 19:09:00,True,0.005760074,429
IND10389,109154,16.48,0.86,234.21,0.7364,0.8658,1,0,2024-07-27 19:12:00,Standard_Card,10,12,0,Unknown,2023-07-28 19:12:00,True,0.005760074,430
IND10049,177822,11.19,0.913,12.81,0.8435,0.9193,1,1,2024-07-27 19:41:00,Standard_Card,10,12,0,Unknown,2023-07-28 19:41:00,True,0.005760074,431
IND10043,103997,4.29,0.9182,205.69,0.7081,0.8119,4,1,2024-07-27 19:58:00,Standard_Card,10,12,0,Unknown,2023-07-28 19:58:00,True,0.005760074,432
IND10203,74547,2.02,0.86,23.02,0.817,0.951,1,0,2024-07-27 21:19:00,Standard_Card,10,12,0,Unknown,2023-07-28 21:19:00,True,0.005760074,433
IND10417,22996,36.41,0.9126,275.81,0.2318,0.9407,3,0,2024-07-27 22:12:00,Standard_Card,10,12,0,Unknown,2023-07-28 22:12:00,True,0.005760074,434
IND10064,32474,22.4,0.8752,112.89,0.5,0.7172,1,0,2024-07-30 22:11:00,Standard_Card,10,12,0,Unknown,2023-07-31 22:11:00,True,0.005760074,435
IND10236,96245,23.97,0.9082,56.28,0.8664,0.9972,3,0,2024-07-30 13:00:00,Standard_Card,10,12,0,Unknown,2023-07-31 13:00:00,True,0.005760074,436
IND10235,90187,24.01,0.9082,142.66,0.9422,0.9249,3,0,2024-07-27 10:07:00,Standard_Card,10,12,0,Unknown,2023-07-28 10:07:00,True,0.005760074,437
IND10137,138104,44.57,0.911,13.18,0.3273,0.8958,4,0,2024-07-27 10:38:00,Standard_Card,10,12,0,Unknown,2023-07-28 10:38:00,True,0.005760074,438
IND10220,132441,21.35,0.8736,172.11,0.6978,0.7187,1,1,2024-07-27 10:44:00,Standard_Card,10,12,0,Unknown,2023-07-28 10:44:00,True,0.005760074,439
IND10390,163767,13.33,0.8679,146.31,0.4708,0.9925,4,0,2024-07-27 10:55:00,Standard_Card,10,12,0,Unknown,2023-07-28 10:55:00,True,0.005760074,440
IND10409,125594,26.44,0.9009,146.8,0.4255,0.7782,5,0,2024-07-27 11:29:00,Standard_Card,10,12,0,Unknown,2023-07-28 11:29:00,True,0.005760074,441
IND10121,170157,41.08,0.8532,110.92,0.7392,0.9301,1,0,2024-07-27 11:54:00,Standard_Card,10,12,0,Unknown,2023-07-28 11:54:00,True,0.005760074,442
IND10229,60431,34.3,0.8603,257.95,0.7978,0.9323,5,0,2024-07-27 12:22:00,Standard_Card,10,12,0,Unknown,2023-07-28 12:22:00,True,0.005760074,443
IND10189,20439,17.95,0.8759,83.14,0.8582,0.8308,4,0,2024-07-30 22:39:00,Standard_Card,10,12,0,Unknown,2023-07-31 22:39:00,True,0.005760074,444
IND10470,84878,15.38,0.8532,120.63,0.8994,0.9337,2,0,2024-07-26 21:19:00,Standard_Card,10,12,0,Unknown,2023-07-27 21:19:00,True,0.005760074,445
IND10431,63242,32.12,0.8633,190.2,0.8556,0.9092,4,0,2024-07-26 21:42:00,Standard_Card,10,12,0,Unknown,2023-07-27 21:42:00,True,0.005760074,446
IND10153,127192,2.01,0.8527,122.97,0.7185,0.9085,3,0,2024-07-26 22:28:00,Standard_Card,10,12,0,Unknown,2023-07-27 22:28:00,True,0.005760074,447
IND10219,184503,5.59,0.8561,85.18,0.4319,0.9063,4,0,2024-07-30 22:16:00,Standard_Card,10,12,0,Unknown,2023-07-31 22:16:00,True,0.005760074,448
IND10115,84189,37.55,0.866,156.38,0.7228,0.876,1,1,2024-07-27 08:19:00,Standard_Card,10,12,0,Unknown,2023-07-28 08:19:00,True,0.005760074,449
IND10299,35127,6.09,0.8864,119.26,0.6055,0.7692,4,0,2024-07-27 09:07:00,Standard_Card,10,12,0,Unknown,2023-07-28 09:07:00,True,0.005760074,450
IND10372,94177,33.63,0.8697,199.5,0.8198,0.9668,5,0,2024-07-27 09:29:00,Standard_Card,10,12,0,Unknown,2023-07-28 09:29:00,True,0.005760074,451
IND10019,188902,18.15,0.8945,198.23,0.4463,0.8891,3,0,2024-07-27 09:30:00,Standard_Card,10,12,0,Unknown,2023-07-28 09:30:00,True,0.005760074,452
IND10259,29745,20.96,0.8655,85.58,0.2362,0.8679,5,0,2024-07-30 17:36:00,Standard_Card,10,12,0,Unknown,2023-07-31 17:36:00,True,0.005760074,453
IND10267,132959,27.93,0.918,74.55,0.7538,0.9712,2,0,2024-07-26 18:44:00,Standard_Card,10,12,0,Unknown,2023-07-27 18:44:00,True,0.005760074,454
IND10454,165372,9.67,0.9052,205.76,0.4632,0.8024,5,1,2024-07-26 18:53:00,Standard_Card,10,12,0,Unknown,2023-07-27 18:53:00,True,0.005760074,455
IND10038,142503,42.38,0.851,233.97,0.6689,0.8121,1,0,2024-07-26 19:07:00,Standard_Card,10,12,0,Unknown,2023-07-27 19:07:00,True,0.005760074,456
IND10325,35763,37.24,0.9066,112.27,0.4541,0.9769,3,0,2024-07-26 19:21:00,Standard_Card,10,12,0,Unknown,2023-07-27 19:21:00,True,0.005760074,457
IND10016,173665,11.89,0.882,19.03,0.6888,0.8106,2,1,2024-07-26 19:33:00,Standard_Card,10,12,0,Unknown,2023-07-27 19:33:00,True,0.005760074,458
IND10025,166163,38.33,0.8902,55.35,0.8398,0.714,3,0,2024-07-26 20:40:00,Standard_Card,10,12,0,Unknown,2023-07-27 20:40:00,True,0.005760074,459
IND10114,167433,6.57,0.8624,10.78,0.5245,0.851,4,0,2024-07-26 20:49:00,Standard_Card,10,12,0,Unknown,2023-07-27 20:49:00,True,0.005760074,460
IND10275,108073,27.69,0.9124,56.98,0.3335,0.7233,2,0,2024-07-30 16:40:00,Standard_Card,10,12,0,Unknown,2023-07-31 16:40:00,True,0.005760074,461
IND10444,31569,42.73,0.8505,268.55,0.7527,0.7516,3,0,2024-07-30 16:42:00,Standard_Card,10,12,0,Unknown,2023-07-31 16:42:00,True,0.005760074,462
IND10453,189797,26.58,0.8791,76.7,0.7691,0.9191,3,1,2024-07-30 22:20:00,Standard_Card,10,12,0,Unknown,2023-07-31 22:20:00,True,0.005760074,463
IND10128,54719,2.28,0.8665,176.18,0.2178,0.8191,1,0,2024-07-30 16:52:00,Standard_Card,10,12,0,Unknown,2023-07-31 16:52:00,True,0.005760074,464
IND10100,29661,32.47,0.8822,21.7,0.3509,0.7536,3,0,2024-07-30 17:01:00,Standard_Card,10,12,0,Unknown,2023-07-31 17:01:00,True,0.005760074,465
IND10345,73049,9.35,0.8781,155.91,0.755,0.7818,2,1,2024-07-30 17:01:00,Standard_Card,10,12,0,Unknown,2023-07-31 17:01:00,True,0.005760074,466
IND10486,73412,31.34,0.8614,141.66,0.4498,0.9514,1,0,2024-07-30 17:26:00,Standard_Card,10,12,0,Unknown,2023-07-31 17:26:00,True,0.005760074,467
IND10045,75033,23.77,0.9026,274.75,0.4548,0.8367,3,0,2024-07-24 21:42:00,Standard_Card,10,12,0,Unknown,2023-07-25 21:42:00,True,0.005760074,468
IND10271,113180,9.03,0.8642,147.15,0.5487,0.896,2,0,2024-07-30 19:25:00,Standard_Card,10,12,0,Unknown,2023-07-31 19:25:00,True,0.005760074,469
IND10357,168276,22.99,0.8648,206.49,0.6221,0.9589,3,0,2024-07-30 19:34:00,Standard_Card,10,12,0,Unknown,2023-07-31 19:34:00,True,0.005760074,470
IND10320,101840,19.48,0.9195,216.84,0.477,0.8643,1,0,2024-07-30 19:55:00,Standard_Card,10,12,0,Unknown,2023-07-31 19:55:00,True,0.005760074,471
IND10493,50194,22.98,0.8608,172.9,0.5729,0.8231,5,0,2024-07-22 17:34:00,Standard_Card,10,12,0,Unknown,2023-07-23 17:34:00,True,0.005760074,472
IND10156,157101,5.3,0.9033,270.93,0.2886,0.7932,4,0,2024-07-30 22:53:00,Standard_Card,10,12,0,Unknown,2023-07-31 22:53:00,True,0.005760074,473
IND10377,86065,15.55,0.9166,153.21,0.847,0.8967,2,0,2024-07-22 14:16:00,Standard_Card,10,12,0,Unknown,2023-07-23 14:16:00,True,0.005760074,474
IND10104,198824,11.19,0.8795,129.7,0.3708,0.8752,5,0,2024-07-18 21:31:00,Standard_Card,10,12,0,Unknown,2023-07-19 21:31:00,True,0.005760074,475
IND10146,148630,22.85,0.8659,90.6,0.8677,0.865,4,0,2024-07-25 19:28:00,Standard_Card,10,12,0,Unknown,2023-07-26 19:28:00,True,0.005760074,476
IND10033,49735,37.55,0.8695,173.85,0.8499,0.8715,1,2,2024-07-30 17:47:00,Standard_Card,10,12,0,Unknown,2023-07-31 17:47:00,True,0.005760074,477
IND10182,114869,37.51,0.8897,220.47,0.3607,0.9347,2,0,2024-07-30 17:47:00,Standard_Card,10,12,0,Unknown,2023-07-31 17:47:00,True,0.005760074,478
IND10112,55190,34.47,0.8812,107.94,0.8073,0.9087,4,0,2024-07-30 18:22:00,Standard_Card,10,12,0,Unknown,2023-07-31 18:22:00,True,0.005760074,479
IND10327,177808,37.09,0.8964,132.8,0.7301,0.8113,3,0,2024-07-30 18:22:00,Standard_Card,10,12,0,Unknown,2023-07-31 18:22:00,True,0.005760074,480
IND10202,33663,9.0,0.8803,267.98,0.8838,0.8824,1,0,2024-07-30 18:23:00,Standard_Card,10,12,0,Unknown,2023-07-31 18:23:00,True,0.005760074,481
IND10438,176899,16.3,0.8652,173.6,0.5047,0.8772,1,0,2024-07-30 18:47:00,Standard_Card,10,12,0,Unknown,2023-07-31 18:47:00,True,0.005760074,482
IND10384,44172,35.03,0.9064,15.45,0.2046,0.7612,5,0,2024-07-30 18:58:00,Standard_Card,10,12,0,Unknown,2023-07-31 18:58:00,True,0.005760074,483
IND10178,37930,29.77,0.8847,275.75,0.5045,0.9032,3,0,2024-07-30 22:27:00,Standard_Card,10,12,0,Unknown,2023-07-31 22:27:00,True,0.005760074,484
IND10395,133505,18.19,0.8994,12.6,0.9164,0.7417,1,0,2024-07-26 16:23:00,Standard_Card,10,12,0,Unknown,2023-07-27 16:23:00,True,0.005760074,485
IND10494,155684,29.74,0.8795,47.38,0.5941,0.9777,2,0,2024-07-26 17:24:00,Standard_Card,10,12,0,Unknown,2023-07-27 17:24:00,True,0.005760074,486
IND10464,154703,21.3,0.9057,248.71,0.849,0.7413,3,0,2024-07-26 17:29:00,Standard_Card,10,12,0,Unknown,2023-07-27 17:29:00,True,0.005760074,487
IND10462,139765,32.45,0.9083,81.33,0.7092,0.8833,3,0,2024-07-26 17:36:00,Standard_Card,10,12,0,Unknown,2023-07-27 17:36:00,True,0.005760074,488
IND10171,67589,42.34,0.8519,59.98,0.8152,0.8006,5,0,2024-07-26 18:13:00,Standard_Card,10,12,0,Unknown,2023-07-27 18:13:00,True,0.005760074,489
IND10376,46643,5.24,0.9185,143.74,0.4394,0.7831,5,0,2024-07-26 18:20:00,Standard_Card,10,12,0,Unknown,2023-07-27 18:20:00,True,0.005760074,490
IND10434,174093,35.22,0.8728,236.26,0.5176,0.9251,2,0,2024-07-30 17:38:00,Standard_Card,10,12,0,Unknown,2023-07-31 17:38:00,True,0.005760074,491
IND10058,175800,32.34,0.8962,80.23,0.2548,0.9232,3,0,2024-07-30 17:46:00,Standard_Card,10,12,0,Unknown,2023-07-31 17:46:00,True,0.005760074,492
IND10001,146425,3.94,0.8988,122.72,0.4035,0.9486,1,0,2024-07-25 20:10:00,Standard_Card,10,12,0,Unknown,2023-07-26 20:10:00,True,0.005760074,493
IND10281,79747,40.45,0.8772,143.03,0.641,0.8542,1,1,2024-07-25 20:13:00,Standard_Card,10,12,0,Unknown,2023-07-26 20:13:00,True,0.005760074,494
IND10398,64961,6.61,0.8944,173.13,0.6349,0.8629,3,1,2024-07-25 22:08:00,Standard_Card,10,12,0,Unknown,2023-07-26 22:08:00,True,0.005760074,495
IND10124,65735,12.75,0.9126,111.64,0.8441,0.738,4,0,2024-07-26 08:33:00,Standard_Card,10,12,0,Unknown,2023-07-27 08:33:00,True,0.005760074,496
IND10498,40653,17.82,0.8743,122.3,0.6221,0.8328,2,0,2024-07-26 09:05:00,Standard_Card,10,12,0,Unknown,2023-07-27 09:05:00,True,0.005760074,497
IND10359,157032,40.16,0.8826,41.11,0.6615,0.9467,2,0,2024-07-17 19:07:00,Standard_Card,10,12,0,Unknown,2023-07-18 19:07:00,True,0.005760074,498
IND10177,47429,28.02,0.9088,44.31,0.7856,0.8091,5,0,2024-07-26 13:34:00,Standard_Card,10,12,0,Unknown,2023-07-27 13:34:00,True,0.005760074,499
IND10067,27855,25.45,0.87,210.58,0.7963,0.749,1,0,2024-07-24 11:37:00,Standard_Card,10,12,0,Unknown,2023-07-25 11:37:00,True,0.005760074,500
